Date,Pebrine,Virosis,Bacteriosis,Wind_Speed,date,wind_speed_ms_mean,wind_speed_ms_std,wind_speed_ms_min,wind_speed_ms_max,wind_direction_deg_mean,wind_direction_deg_std,wind_vx_mean,wind_vx_std,wind_vx_sum,wind_vy_mean,wind_vy_std,wind_vy_sum,resultant_vx,resultant_vy,resultant_speed,resultant_direction,velocity_magnitude,vx_mean,vy_mean,resultant_velocity,direction_variability
07-10-2025,0,10,0,1.471428571,07-10-2025,1.628,0.715,0.21,2.5,251.279,100.058,-1.051,0.833,-25.227,0.681,0.972,16.353,-25.227,16.353,30.06363481,-57.04731979,1.628,-1.051,0.681,30.06363481,100.058
08-10-2025,0,13,0,0.9,08-10-2025,1.524,0.296,0.51,1.8,153.167,123.629,-0.082,1.202,-1.956,0.704,0.736,16.896,-1.956,16.896,17.00884335,-6.603567451,1.524,-0.082,0.704,17.00884335,123.629
09-10-2025,0,15,0,1.442857143,09-10-2025,1.96,0.553,0.24,2.79,239.608,142.91,-0.645,0.783,-15.469,1.558,0.855,37.4,-15.469,37.4,40.47282991,-22.47045817,1.96,-0.645,1.558,40.47282991,142.91
10-10-2025,0,19,0,2,10-10-2025,2.858,0.975,1.66,4.38,337.371,12.632,-1.028,0.563,-24.667,2.603,0.994,62.466,-24.667,62.466,67.15997353,-21.54841011,2.858,-1.028,2.603,67.15997353,12.632
11-10-2025,0,0,0,1.825,11-10-2025,2.185,0.365,1.7,3.1,288.671,112.121,-0.922,0.638,-22.13,1.859,0.465,44.618,-22.13,44.618,49.80464661,-26.38086733,2.185,-0.922,1.859,49.80464661,112.121
12-10-2025,0,0,0,1.133333333,12-10-2025,2.102,0.495,1.32,3.21,323.558,18.124,-1.284,0.741,-30.804,1.557,0.24,37.366,-30.804,37.366,48.4262777,-39.50168586,2.102,-1.284,1.557,48.4262777,18.124
13-10-2025,0,0,0,1.2,13-10-2025,1.862,0.418,1.21,2.58,336.35,15.726,-0.671,0.364,-16.116,1.676,0.512,40.217,-16.116,40.217,43.3258877,-21.83726278,1.862,-0.671,1.676,43.3258877,15.726
14-10-2025,0,0,0,1.733333333,14-10-2025,1.668,0.422,1.15,2.39,303.362,114.968,-0.351,0.343,-8.421,1.603,0.389,38.482,-8.421,38.482,39.392608,-12.34343873,1.668,-0.351,1.603,39.392608,114.968
15-10-2025,0,0,0,2.066666667,15-10-2025,2.227,0.524,1.64,3.54,329.283,10.259,-1.1,0.325,-26.405,1.899,0.563,45.57,-26.405,45.57,52.66734211,-30.08964225,2.227,-1.1,1.899,52.66734211,10.259
16-10-2025,0,0,0,2.066666667,16-10-2025,2.359,0.408,1.78,3.2,312.95,19.011,-1.586,0.484,-38.06,1.57,0.735,37.691,-38.06,37.691,53.56468128,-45.2790983,2.359,-1.586,1.57,53.56468128,19.011
17-10-2025,0,0,0,1,17-10-2025,2.094,0.396,1.6,2.79,291.121,91.142,-1.279,0.801,-30.687,1.469,0.362,35.267,-30.687,35.267,46.74883162,-41.02762414,2.094,-1.279,1.469,46.74883162,91.142
18-10-2025,0,0,0,0.5,18-10-2025,0.93,0.772,0.12,2.2,228.342,81.114,-0.51,0.906,-12.252,0.32,0.547,7.686,-12.252,7.686,14.46326727,-57.89887617,0.93,-0.51,0.32,14.46326727,81.114
19-10-2025,0,0,0,0.5,19-10-2025,1.38,0.421,0.35,1.94,173.521,87.632,0.496,1.22,11.909,-0.279,0.581,-6.702,11.909,-6.702,13.66532418,119.3694017,1.38,0.496,-0.279,13.66532418,87.632
20-10-2025,0,0,0,0.5,20-10-2025,1.543,0.694,0.3,2.55,105.913,50.997,1.204,0.975,28.894,0.098,0.701,2.343,28.894,2.343,28.9888407,85.36405738,1.543,1.204,0.098,28.9888407,50.997
21-10-2025,0,0,0,0.5,21-10-2025,1.558,0.898,0.07,3.2,90.942,117.286,0.832,0.791,19.973,1.191,0.713,28.595,19.973,28.595,34.87971838,34.93348112,1.558,0.832,1.191,34.87971838,117.286
22-10-2025,0,0,0,2,22-10-2025,1.723,0.713,0.41,3.07,132.467,147.072,0.287,0.951,6.89,1.433,0.688,34.399,6.89,34.399,35.08223626,11.32626746,1.723,0.287,1.433,35.08223626,147.072
23-10-2025,0,0,0,2,23-10-2025,1.165,0.471,0.12,1.71,243.146,129.167,-0.64,0.749,-15.366,0.62,0.497,14.892,-15.366,14.892,21.39826208,-45.89748094,1.165,-0.64,0.62,21.39826208,129.167
24-10-2025,0,0,0,2,24-10-2025,1.111,0.396,0.59,2.17,179.504,61.76,0.033,0.84,0.785,-0.635,0.562,-15.251,0.785,-15.251,15.27118941,177.05347,1.111,0.033,-0.635,15.27118941,61.76
25-10-2025,0,0,0,0.6,25-10-2025,1.799,0.405,0.49,2.4,158.575,67.111,0.224,1.556,5.378,-0.721,0.724,-17.307,5.378,-17.307,18.12333118,162.7378214,1.799,0.224,-0.721,18.12333118,67.111
26-10-2025,0,0,0,0.6,26-10-2025,1.764,0.37,0.72,2.25,146.604,72.128,0.552,1.41,13.252,-0.442,0.935,-10.615,13.252,-10.615,16.97921462,128.6951175,1.764,0.552,-0.442,16.97921462,72.128
27-10-2025,0,0,0,0.8,27-10-2025,2.07,0.794,0.51,3.35,110.333,30.268,1.852,0.995,44.451,-0.444,0.569,-10.658,44.451,-10.658,45.71087797,103.4832525,2.07,1.852,-0.444,45.71087797,30.268
28-10-2025,0,0,0,0.8,28-10-2025,3.07,0.908,1.75,4.13,95.779,10.141,3.018,0.918,72.421,-0.241,0.503,-5.773,72.421,-5.773,72.65073138,94.55766398,3.07,3.018,-0.241,72.65073138,10.141
29-10-2025,0,0,0,0.8,29-10-2025,4.826,0.97,3.43,6.54,93.783,13.908,4.669,0.901,112.064,-0.356,1.245,-8.532,112.064,-8.532,112.3883229,94.35381853,4.826,4.669,-0.356,112.3883229,13.908
30-10-2025,0,0,0,1.2,30-10-2025,4.097,0.905,2.36,5.54,141.792,8.894,2.445,0.541,58.684,-3.223,0.98,-77.358,58.684,-77.358,97.09825961,142.815942,4.097,2.445,-3.223,97.09825961,8.894
31-10-2025,0,0,0,1.2,31-10-2025,4.73,1.099,3.47,6.79,190.312,23.4,-0.741,1.357,-17.786,-4.383,1.448,-105.183,-17.786,-105.183,106.6761702,-170.4023157,4.73,-0.741,-4.383,106.6761702,23.4
