Year,Plot_No,Spacing,Instar,Date,Tmax,Tmin,Humidity,Wind_Speed,Rainfall,THI,Net_Tech,Pests,Has_Uzi,Has_Mites,Has_Ants,Has_Spiders,Has_Athropoda,Pebrine,Virosis,Bacteriosis,Muscardine,Source
2025,17,8x8,02-03-2005,2025-10-07,26.0,24.0,87.3,0.1,0.0,75.67285,Unknown,U;M,1,1,0,0,0,0.0,0.0,0.0,0.0,field_2025
2025,17,8x8,02-03-2005,2025-10-08,25.4,22.0,82.9,0.1,0.0,73.093127,Unknown,U;M,1,1,0,0,0,0.0,0.0,0.0,0.0,field_2025
2025,17,8x8,02-03-2005,2025-10-09,25.5,25.0,81.2,2.1,0.0,75.43887000000001,Unknown,At;U;M,1,1,1,0,1,0.0,0.0,0.0,0.0,field_2025
2025,17,8x8,02-03-2005,2025-10-10,24.5,26.0,79.9,1.5,0.0,75.2998025,Unknown,M;U,1,1,0,0,0,0.0,0.0,0.0,0.0,field_2025
2025,17,8x8,02-03-2005,2025-10-11,25.0,24.0,77.6,1.6,0.0,73.87007999999999,Unknown,M;U,1,1,0,0,0,0.0,0.0,0.0,0.0,field_2025
2025,17,8x8,02-03-2005,2025-10-12,26.0,21.0,60.8,2.0,0.0,70.78572000000001,Unknown,M,0,1,0,0,0,0.0,0.0,0.0,0.0,field_2025
2025,17,8x8,02-03-2005,2025-10-13,25.0,20.0,65.8,2.0,0.0,69.77255,Unknown,M,0,1,0,0,0,0.0,0.0,0.0,0.0,field_2025
2025,17,8x8,02-03-2005,2025-10-14,25.0,20.0,70.4,2.0,0.0,70.1394,Unknown,M,0,1,0,0,0,0.0,0.0,0.0,0.0,field_2025
2025,17,8x8,02-03-2005,2025-10-15,26.0,20.0,75.4,2.0,0.0,71.31638000000001,Unknown,M,0,1,0,0,0,0.0,0.0,0.0,0.0,field_2025
2025,17,8x8,02-03-2005,2025-10-16,26.0,25.0,91.5,2.0,0.0,76.96967500000001,Unknown,A;U,1,0,1,0,0,0.0,0.0,0.0,0.0,field_2025
2025,17,8x8,02-03-2005,2025-10-17,27.0,25.0,85.5,0.5,0.0,77.14120000000001,Unknown,At;M,0,1,1,0,1,0.0,0.0,0.0,0.0,field_2025
2025,17,8x8,02-03-2005,2025-10-18,28.0,26.0,90.1,0.5,0.0,79.36943,Unknown,At;M,0,1,1,0,1,0.0,0.0,0.0,0.0,field_2025
2025,17,8x8,02-03-2005,2025-10-19,29.5,23.0,81.7,0.5,0.0,77.1111875,Unknown,At,0,0,1,0,1,0.0,0.0,0.0,0.0,field_2025
2025,17,8x8,02-03-2005,2025-10-20,31.3,23.0,85.6,0.5,0.0,79.058696,Unknown,At,0,0,1,0,1,0.0,0.0,0.0,0.0,field_2025
2025,17,8x8,02-03-2005,2025-10-21,31.7,25.0,76.7,0.5,0.0,79.8224055,Unknown,At,0,0,1,0,1,0.0,0.0,0.0,0.0,field_2025
2025,17,8x8,02-03-2005,2025-10-22,28.0,22.0,79.9,2.0,0.0,74.89955,Yes,,0,0,0,0,0,0.0,0.0,0.0,0.0,field_2025
2025,17,8x8,02-03-2005,2025-10-23,26.0,23.0,69.6,2.0,0.0,73.07368,Yes,,0,0,0,0,0,0.0,0.0,0.0,0.0,field_2025
2025,17,8x8,02-03-2005,2025-10-24,28.0,21.0,61.0,2.0,0.0,72.21754999999999,Yes,,0,0,0,0,0,0.0,0.0,0.0,0.0,field_2025
2025,17,8x8,02-03-2005,2025-10-25,29.0,21.0,72.4,0.6,0.0,74.1158,Yes,,0,0,0,0,0,0.0,0.0,0.0,0.0,field_2025
2025,17,8x8,02-03-2005,2025-10-26,24.0,21.0,70.8,0.6,0.0,70.1713,Yes,,0,0,0,0,0,0.0,0.0,0.0,0.0,field_2025
2025,17,8x8,02-03-2005,2025-10-27,26.0,25.0,79.2,0.8,0.0,75.62344,Yes,,0,0,0,0,0,0.0,0.0,0.0,0.0,field_2025
2025,17,8x8,02-03-2005,2025-10-28,27.0,26.0,80.5,0.8,0.0,77.372675,Yes,,0,0,0,0,0,0.0,0.0,0.0,0.0,field_2025
2025,17,8x8,02-03-2005,2025-10-29,27.0,26.0,60.5,0.8,0.0,74.985675,Yes,,0,0,0,0,0,0.0,0.0,0.0,0.0,field_2025
2025,17,8x8,02-03-2005,2025-10-30,27.0,26.0,60.7,1.2,0.0,75.009545,Yes,,0,0,0,0,0,0.0,0.0,0.0,0.0,field_2025
2025,17,8x8,02-03-2005,2025-10-31,25.0,23.0,63.7,1.2,0.0,71.76602,Yes,,0,0,0,0,0,0.0,0.0,0.0,0.0,field_2025
2025,18,12x12,03-04-2005,2025-10-07,25.6,23.2,79.5,,0.0,73.89952,Unknown,,0,0,0,0,0,0.0,0.0,0.0,0.0,field_2025
2025,18,12x12,03-04-2005,2025-10-08,26.3,24.0,82.1,,0.0,75.3728685,Unknown,,0,0,0,0,0,0.0,0.0,0.0,0.0,field_2025
2025,18,12x12,03-04-2005,2025-10-09,25.6,21.0,74.2,,0.0,71.678114,Unknown,,0,0,0,0,0,0.0,0.0,0.0,0.0,field_2025
2025,18,12x12,03-04-2005,2025-10-10,27.5,21.0,65.8,,0.0,72.33003500000001,Unknown,,0,0,0,0,0,0.0,0.0,0.0,0.0,field_2025
2025,18,12x12,03-04-2005,2025-10-11,26.5,21.0,75.1,,0.0,72.4560875,Unknown,,0,0,0,0,0,0.0,0.0,0.0,0.0,field_2025
2025,18,12x12,03-04-2005,2025-10-12,26.4,22.0,78.6,,0.0,73.493188,Unknown,,0,0,0,0,0,0.0,0.0,0.0,0.0,field_2025
2025,18,12x12,03-04-2005,2025-10-13,25.2,22.0,80.1,,0.0,72.676264,Unknown,,0,0,0,0,0,0.0,0.0,0.0,0.0,field_2025
2025,18,12x12,03-04-2005,2025-10-14,26.3,23.0,92.2,,0.0,75.58192700000001,Unknown,,0,0,0,0,0,0.0,0.0,0.0,0.0,field_2025
2025,21,8x8,01-03-2005,2025-10-07,25.0,22.0,86.0,,0.0,73.04490000000001,Unknown,,0,0,0,0,0,0.0,0.0,0.0,0.0,field_2025
2025,21,8x8,01-03-2005,2025-10-08,26.0,22.0,83.0,,0.0,73.5918,Unknown,,0,0,0,0,0,0.0,0.0,0.0,0.0,field_2025
2025,21,8x8,01-03-2005,2025-10-09,25.0,23.0,81.0,,0.0,73.4026,Unknown,,0,0,0,0,0,0.0,0.0,0.0,0.0,field_2025
2025,21,8x8,01-03-2005,2025-10-10,26.0,24.0,86.0,,0.0,75.53699999999999,Unknown,,0,0,0,0,0,0.0,0.0,0.0,0.0,field_2025
2025,21,8x8,01-03-2005,2025-10-11,23.6,24.0,66.0,,0.0,71.69092,Unknown,,0,0,0,0,0,0.0,0.0,0.0,0.0,field_2025
2025,21,8x8,01-03-2005,2025-10-12,29.0,23.0,69.0,,0.0,75.2536,Unknown,,0,0,0,0,0,0.0,0.0,0.0,0.0,field_2025
2025,21,8x8,01-03-2005,2025-10-13,26.0,23.0,72.0,,0.0,73.31259999999999,Unknown,,0,0,0,0,0,0.0,0.0,0.0,0.0,field_2025
2025,21,8x8,01-03-2005,2025-10-14,25.0,24.0,70.0,,0.0,73.11349999999999,Unknown,,0,0,0,0,0,0.0,0.0,0.0,0.0,field_2025
2025,21,8x8,01-03-2005,2025-10-15,29.0,24.0,80.0,,0.0,77.313,Unknown,,0,0,0,0,0,0.0,0.0,0.0,0.0,field_2025
2025,21,8x8,01-03-2005,2025-10-16,28.5,22.0,82.0,,0.0,75.52445,Unknown,,0,0,0,0,0,0.0,0.0,0.0,0.0,field_2025
2025,13,6x6,3rd,2025-10-07,34.0,21.0,75.0,1.7,,78.26875,Unknown,U;M,1,1,0,0,0,1.0,1.0,1.0,1.0,field_2025
2025,13,6x6,3rd,2025-10-08,32.0,21.0,80.0,1.1,,77.313,Unknown,U;M,1,1,0,0,0,1.0,1.0,1.0,1.0,field_2025
2025,13,6x6,3rd,2025-10-09,34.0,20.0,82.0,1.8,,78.36259999999999,Unknown,U;M,1,1,0,0,0,1.0,1.0,1.0,1.0,field_2025
2025,13,6x6,3rd,2025-10-10,32.0,20.0,78.0,2.0,,76.28320000000001,Unknown,U;M,1,1,0,0,0,1.0,1.0,1.0,1.0,field_2025
2025,13,6x6,3rd,2025-10-11,30.0,20.0,75.0,2.1,,74.3875,Unknown,U;M,1,1,0,0,0,1.0,1.0,1.0,1.0,field_2025
2025,13,6x6,3rd,2025-10-12,28.0,19.0,80.0,0.7,,72.507,Unknown,U;M,1,1,0,0,0,1.0,1.0,1.0,1.0,field_2025
2025,13,6x6,3rd,2025-10-13,32.0,21.0,85.0,0.8,,77.90975,Unknown,U;M,1,1,0,0,0,1.0,1.0,1.0,1.0,field_2025
2025,13,6x6,3rd,2025-10-14,31.0,18.0,75.0,1.6,,73.61125,Unknown,U;M,1,1,0,0,0,1.0,1.0,1.0,1.0,field_2025
2025,13,6x6,3rd,2025-10-15,30.0,18.0,76.0,2.1,,72.92960000000001,Unknown,U;M,1,1,0,0,0,1.0,1.0,1.0,1.0,field_2025
2025,13,6x6,3rd,2025-10-16,30.0,18.0,71.0,2.1,,72.4566,Unknown,U;M,1,1,0,0,0,1.0,1.0,1.0,1.0,field_2025
2025,17,6x6,3rd,2025-10-17,29.0,17.0,77.0,1.5,,71.45190000000001,Unknown,U;M,1,1,0,0,0,1.0,1.0,1.0,1.0,field_2025
2025,13,6x6,3rd,2025-10-07,34.0,21.0,75.0,1.7,,78.26875,Yes,U;M,1,1,0,0,0,0.0,0.0,0.0,0.0,field_2025
2025,13,6x6,3rd,2025-10-08,32.0,21.0,80.0,1.1,,77.313,Yes,U;M,1,1,0,0,0,0.0,0.0,0.0,0.0,field_2025
2025,13,6x6,3rd,2025-10-09,34.0,20.0,82.0,1.8,,78.36259999999999,Yes,U;M,1,1,0,0,0,0.0,0.0,0.0,0.0,field_2025
2025,13,6x6,3rd,2025-10-10,32.0,20.0,78.0,2.0,,76.28320000000001,Yes,U;M,1,1,0,0,0,0.0,0.0,0.0,0.0,field_2025
2025,13,6x6,3rd,2025-10-11,30.0,20.0,75.0,2.1,,74.3875,Yes,U;M,1,1,0,0,0,0.0,0.0,0.0,0.0,field_2025
2025,13,6x6,3rd,2025-10-12,28.0,19.0,80.0,0.7,,72.507,Yes,U;M,1,1,0,0,0,0.0,0.0,0.0,0.0,field_2025
2025,13,6x6,3rd,2025-10-13,32.0,21.0,85.0,0.8,,77.90975,Yes,U;M,1,1,0,0,0,0.0,0.0,0.0,0.0,field_2025
2025,13,6x6,3rd,2025-10-14,31.0,18.0,75.0,1.6,,73.61125,Yes,U;M,1,1,0,0,0,0.0,0.0,0.0,0.0,field_2025
2025,13,6x6,3rd,2025-10-15,30.0,18.0,76.0,2.1,,72.92960000000001,Yes,U;M,1,1,0,0,0,0.0,0.0,0.0,0.0,field_2025
2025,13,6x6,3rd,2025-10-16,30.0,18.0,71.0,2.1,,72.4566,Yes,U;M,1,1,0,0,0,0.0,0.0,0.0,0.0,field_2025
2025,14,6x10,3rd,2025-10-07,33.0,21.0,75.0,1.7,,77.49249999999999,Yes,A;U;M,1,1,1,0,0,0.0,0.0,0.0,0.0,field_2025
2025,14,6x10,3rd,2025-10-08,34.0,21.0,80.0,0.7,,78.91499999999999,Yes,A;U;M,1,1,1,0,0,0.0,0.0,0.0,0.0,field_2025
2025,14,6x10,3rd,2025-10-09,35.0,20.0,82.0,1.1,,79.1735,Yes,A;U;M,1,1,1,0,0,0.0,0.0,0.0,0.0,field_2025
2025,14,6x10,3rd,2025-10-10,33.0,20.0,75.0,2.2,,76.71625,Yes,A;U;M,1,1,1,0,0,0.0,0.0,0.0,0.0,field_2025
2025,14,6x10,3rd,2025-10-11,32.0,20.0,70.0,1.5,,75.36800000000001,Yes,A;U;M,1,1,1,0,0,0.0,0.0,0.0,0.0,field_2025
2025,20,6x6,5th,2025-10-07,32.0,21.0,75.0,1.7,,76.71625,No,A;U;M,1,1,1,0,0,0.0,5.0,0.0,0.0,field_2025
2025,20,6x6,5th,2025-10-08,28.0,21.0,80.0,1.1,,74.109,No,A;U;M,1,1,1,0,0,0.0,5.0,0.0,0.0,field_2025
2025,20,6x6,5th,2025-10-09,27.0,21.0,80.0,1.1,,73.308,No,A;U;M,1,1,1,0,0,0.0,5.0,0.0,0.0,field_2025
2025,20,6x6,5th,2025-10-10,32.0,20.0,75.0,2.1,,75.94000000000001,No,A;U;M,1,1,1,0,0,0.0,3.0,0.0,0.0,field_2025
2025,7,6x10,1st,2025-10-07,32.0,21.0,75.0,1.7,,76.71625,No,A;S;M,0,1,1,1,0,0.0,1.0,0.0,0.0,field_2025
2025,7,6x10,1st,2025-10-08,32.0,21.0,80.0,1.1,,77.313,No,A;S;M,0,1,1,1,0,0.0,2.0,0.0,0.0,field_2025
2025,7,6x10,1st,2025-10-09,31.0,21.0,80.0,1.1,,76.51200000000001,No,A;S;M,0,1,1,1,0,0.0,1.0,0.0,0.0,field_2025
2025,7,6x10,1st,2025-10-10,31.0,20.0,75.0,2.1,,75.16375000000001,No,A;S;M,0,1,1,1,0,0.0,1.0,0.0,0.0,field_2025
2025,5,10x10,3rd,2025-10-07,32.0,21.0,75.0,1.7,,76.71625,Yes,A;U;M,1,1,1,0,0,0.0,4.0,0.0,0.0,field_2025
2025,5,10x10,3rd,2025-10-08,32.0,21.0,80.0,1.1,,77.313,Yes,A;U;M,1,1,1,0,0,0.0,6.0,0.0,0.0,field_2025
2025,5,10x10,3rd,2025-10-09,31.0,21.0,80.0,1.1,,76.51200000000001,Yes,A;U;M,1,1,1,0,0,0.0,9.0,0.0,0.0,field_2025
2025,5,10x10,3rd,2025-10-10,32.0,20.0,75.0,2.1,,75.94000000000001,Yes,A;U;M,1,1,1,0,0,0.0,15.0,0.0,0.0,field_2025
2026,0,Unknown,Unknown,2026-08-01,30.82,24.21,86.44,2.12,7.46,79.77235634,Unknown,,0,0,0,0,0,0.0,0.0,0.0,0.0,no_record_assumed_zero
2026,0,Unknown,Unknown,2026-08-02,29.35,24.51,89.63,2.03,13.46,79.19219541,Unknown,,0,0,0,0,0,0.0,0.0,1.0,0.0,typed_august
2026,0,Unknown,Unknown,2026-08-03,30.9,24.3,84.35,1.49,6.82,79.641744,Unknown,,0,0,0,0,0,0.0,0.0,1.0,0.0,typed_august
2026,0,Unknown,Unknown,2026-08-04,31.99,24.63,84.07,0.79,23.2,80.77130482999999,Unknown,,0,0,0,0,0,0.0,2.0,0.0,0.0,typed_august
2026,0,Unknown,Unknown,2026-08-05,29.34,24.8,91.84,1.94,77.46,79.70605712,Unknown,,0,0,0,0,0,0.0,0.0,0.0,0.0,no_record_assumed_zero
2026,0,Unknown,Unknown,2026-08-06,25.9,23.6,94.73,1.34,36.58,76.01232825000001,Unknown,,0,0,0,0,0,0.0,0.0,0.0,0.0,no_record_assumed_zero
2026,0,Unknown,Unknown,2026-08-07,30.07,22.96,88.48,1.51,8.37,78.35037728,Unknown,,0,0,0,0,0,0.0,0.0,0.0,0.0,no_record_assumed_zero
2026,0,Unknown,Unknown,2026-08-08,25.76,23.36,93.84,3.86,17.61,75.59111296,Unknown,,0,0,0,0,0,0.0,0.0,0.0,0.0,no_record_assumed_zero
2026,0,Unknown,Unknown,2026-08-09,29.91,23.69,89.06,3.39,13.8,78.9018192,Unknown,,0,0,0,0,0,0.0,0.0,0.0,0.0,no_record_assumed_zero
2026,0,Unknown,Unknown,2026-08-10,28.93,24.27,90.53,2.5,12.24,78.74038019999999,Unknown,,0,0,0,0,0,0.0,0.0,0.0,0.0,no_record_assumed_zero
2026,0,Unknown,Unknown,2026-08-11,31.31,23.13,85.7,1.82,11.74,79.18736460000001,Unknown,,0,0,0,0,0,0.0,0.0,1.0,0.0,typed_august
2026,0,Unknown,Unknown,2026-08-12,30.52,23.37,84.67,1.15,8.37,78.603828185,Unknown,,0,0,0,0,0,0.0,0.0,0.0,0.0,no_record_assumed_zero
2026,0,Unknown,Unknown,2026-08-13,30.73,24.04,87.11,1.28,8.72,79.641642765,Unknown,,0,0,0,0,0,0.0,0.0,0.0,0.0,no_record_assumed_zero
2026,0,Unknown,Unknown,2026-08-14,28.73,24.71,92.47,3.61,17.82,79.18089416000001,Unknown,,0,0,0,0,0,0.0,0.0,0.0,0.0,no_record_assumed_zero
2026,0,Unknown,Unknown,2026-08-15,28.5,23.91,91.66,3.33,6.33,78.19797797,Unknown,,0,0,0,0,0,0.0,0.0,0.0,0.0,no_record_assumed_zero
2026,0,Unknown,Unknown,2026-08-16,30.78,24.47,86.8,2.0,6.95,80.00256499999999,Unknown,,0,0,0,0,0,0.0,0.0,0.0,0.0,no_record_assumed_zero
2026,0,Unknown,Unknown,2026-08-17,31.03,24.51,87.78,2.14,16.75,80.37390094,Unknown,,0,0,0,0,0,0.0,0.0,0.0,0.0,no_record_assumed_zero
2026,0,Unknown,Unknown,2026-08-18,26.57,24.04,94.1,2.65,33.17,76.91463495,Unknown,,0,0,0,0,0,0.0,0.0,0.0,0.0,no_record_assumed_zero
2026,0,Unknown,Unknown,2026-08-19,27.06,23.58,93.21,4.06,9.61,76.84493427999999,Unknown,,0,0,0,0,0,0.0,0.0,0.0,0.0,no_record_assumed_zero
2026,0,Unknown,Unknown,2026-08-20,28.54,23.27,91.4,4.16,4.33,77.6532483,Unknown,,0,0,0,0,0,0.0,0.0,1.0,0.0,typed_august
2026,0,Unknown,Unknown,2026-08-21,29.46,23.38,90.87,2.72,4.31,78.47356546,Unknown,,0,0,0,0,0,0.0,0.0,0.0,0.0,no_record_assumed_zero
2026,0,Unknown,Unknown,2026-08-22,31.0,23.61,88.46,2.04,4.45,79.67973297,Unknown,,0,0,0,0,0,0.0,0.0,2.0,0.0,typed_august
2026,0,Unknown,Unknown,2026-08-23,30.82,23.79,88.41,2.09,4.01,79.673366995,Unknown,,0,0,0,0,0,0.0,0.0,0.0,0.0,no_record_assumed_zero
2026,0,Unknown,Unknown,2026-08-24,30.05,24.15,89.53,2.56,10.61,79.4682137,Unknown,,0,0,0,0,0,0.0,0.0,10.0,0.0,typed_august
2026,0,Unknown,Unknown,2026-08-25,27.92,24.2,93.32,3.09,12.41,78.13984008000001,Unknown,,0,0,0,0,0,0.0,0.0,0.0,0.0,no_record_assumed_zero
2026,0,Unknown,Unknown,2026-08-26,28.33,24.23,92.6,2.65,8.84,78.4369272,Unknown,,0,0,0,0,0,0.0,0.0,0.0,0.0,no_record_assumed_zero
2026,0,Unknown,Unknown,2026-08-27,30.76,23.48,87.22,1.3,6.26,79.21226336,Unknown,,0,0,0,0,0,0.0,0.0,0.0,0.0,no_record_assumed_zero
2026,0,Unknown,Unknown,2026-08-28,31.32,24.61,87.81,1.05,12.44,80.705325835,Unknown,,0,0,0,0,0,0.0,0.0,0.0,0.0,no_record_assumed_zero
2026,0,Unknown,Unknown,2026-08-29,28.9,25.16,89.99,1.19,15.69,79.40678403,Unknown,,0,0,0,0,0,0.0,0.0,0.0,0.0,no_record_assumed_zero
2026,0,Unknown,Unknown,2026-08-30,30.28,24.72,89.44,2.12,9.19,80.13512,Unknown,,0,0,0,0,0,0.0,0.0,0.0,0.0,no_record_assumed_zero
2026,0,Unknown,Unknown,2026-08-31,29.24,24.66,91.16,3.01,18.69,79.41556379999999,Unknown,,0,0,0,0,0,0.0,0.0,0.0,0.0,no_record_assumed_zero
2026,0,Unknown,Unknown,2026-09-01,28.67,23.97,93.31,3.65,24.18,78.58947008,Unknown,,0,0,0,0,0,0.0,0.0,0.0,0.0,no_record_assumed_zero
2026,0,Unknown,Unknown,2026-09-02,27.27,23.35,93.14,3.48,14.78,76.82007666000001,Unknown,,0,0,0,0,0,0.0,0.0,0.0,0.0,no_record_assumed_zero
2026,0,Unknown,Unknown,2026-09-03,26.69,22.9,92.32,3.98,6.41,75.84402656,Unknown,,0,0,0,0,0,0.0,0.0,0.0,0.0,no_record_assumed_zero
2026,0,Unknown,Unknown,2026-09-04,28.92,22.83,89.86,2.59,8.19,77.42753225,Unknown,,0,0,0,0,0,0.0,0.0,0.0,0.0,no_record_assumed_zero
2026,0,Unknown,Unknown,2026-09-05,29.33,22.71,88.69,2.7,4.01,77.53989662,Unknown,,0,0,0,0,0,0.0,0.0,0.0,0.0,no_record_assumed_zero
2026,0,Unknown,Unknown,2026-09-06,29.42,22.45,88.86,2.36,4.26,77.41575259000001,Unknown,,0,0,0,0,0,0.0,0.0,0.0,0.0,no_record_assumed_zero
2026,0,Unknown,Unknown,2026-09-07,29.92,23.49,88.07,1.44,8.12,78.620942565,Unknown,,0,0,0,0,0,0.0,0.0,0.0,0.0,no_record_assumed_zero
2026,0,Unknown,Unknown,2026-09-08,30.09,23.63,88.43,1.5,7.82,78.92588502,Unknown,,0,0,0,0,0,0.0,0.0,0.0,0.0,no_record_assumed_zero
2026,0,Unknown,Unknown,2026-09-09,28.3,23.65,90.37,1.6,9.17,77.65571142499999,Unknown,,0,0,0,0,0,0.0,59.0,22.0,0.0,excel_september
2026,0,Unknown,Unknown,2026-09-10,28.8,24.1,91.42,2.23,11.67,78.59022410000001,Unknown,,0,0,0,0,0,0.0,0.0,0.0,0.0,no_record_assumed_zero
2026,0,Unknown,Unknown,2026-09-11,27.69,23.28,92.03,4.75,15.42,77.00186704499998,Unknown,,0,0,0,0,0,0.0,0.0,0.0,0.0,no_record_assumed_zero
2026,0,Unknown,Unknown,2026-09-12,28.15,23.45,92.13,5.39,11.22,77.5552546,Unknown,,0,0,0,0,0,0.0,0.0,0.0,0.0,no_record_assumed_zero
2026,0,Unknown,Unknown,2026-09-13,28.57,22.46,89.55,3.48,3.77,76.781695675,Unknown,,0,0,0,0,0,0.0,0.0,0.0,0.0,no_record_assumed_zero
2026,0,Unknown,Unknown,2026-09-14,30.35,22.26,84.55,0.97,11.83,77.534868725,Unknown,,0,0,0,0,0,0.0,78.0,4.0,0.0,excel_september
2026,0,Unknown,Unknown,2026-09-15,30.14,22.25,81.62,1.19,5.26,77.01284541000001,Unknown,,0,0,0,0,0,0.0,43.0,2.0,0.0,excel_september
2026,0,Unknown,Unknown,2026-09-16,30.7,22.96,82.08,1.4,3.63,78.09670335999999,Unknown,,0,0,0,0,0,0.0,0.0,0.0,0.0,no_record_assumed_zero
2026,0,Unknown,Unknown,2026-09-17,28.74,23.08,88.33,1.55,5.92,77.31334997,Unknown,,0,0,0,0,0,0.0,35.0,0.0,0.0,excel_september
2026,0,Unknown,Unknown,2026-09-18,30.0,22.9,79.0,6.1,0.3,77.114045,Unknown,,0,0,0,0,0,0.0,0.0,0.0,0.0,no_record_assumed_zero
2026,0,Unknown,Unknown,2026-09-19,29.4,22.1,82.0,6.0,1.8,76.33534999999999,Unknown,,0,0,0,0,0,0.0,0.0,0.0,0.0,no_record_assumed_zero
2026,0,Unknown,Unknown,2026-09-20,27.3,22.5,87.0,9.5,4.1,75.47437,Unknown,,0,0,0,0,0,0.0,20.0,0.0,0.0,excel_september
2026,0,Unknown,Unknown,2026-09-21,27.5,21.6,90.0,8.5,4.6,75.18955,Unknown,,0,0,0,0,0,0.0,30.0,1.0,0.0,excel_september
2026,0,Unknown,Unknown,2026-09-22,28.7,22.5,88.0,14.5,5.0,76.75472,Unknown,,0,0,0,0,0,0.0,30.0,0.0,0.0,excel_september
