datetime,date,hour,wind_speed_ms,wind_direction_deg,wind_vx,wind_vy
2025-10-07 00:00:00,2025-10-07,0,1.34,247.2,-1.2352966231285907,-0.5192708858458184
2025-10-07 01:00:00,2025-10-07,1,1.52,255.5,-1.4715844133747236,-0.3805776061627516
2025-10-07 02:00:00,2025-10-07,2,1.66,263.8,-1.6502906001940434,-0.1792789304719974
2025-10-07 03:00:00,2025-10-07,3,1.72,268.3,-1.7192429594053404,-0.0510259398263907
2025-10-07 04:00:00,2025-10-07,4,1.75,270.0,-1.75,-3.214697847761802e-16
2025-10-07 05:00:00,2025-10-07,5,1.79,271.3,-1.78953927068763,0.04061032709527895
2025-10-07 06:00:00,2025-10-07,6,1.82,271.6,-1.819290409373445,0.05081738247689672
2025-10-07 07:00:00,2025-10-07,7,2.07,271.9,-2.068861946999437,0.06863121926424842
2025-10-07 08:00:00,2025-10-07,8,2.21,280.4,-2.1736929504975833,0.39894731100373576
2025-10-07 09:00:00,2025-10-07,9,2.29,296.5,-2.049399688068637,1.0217929920214628
2025-10-07 10:00:00,2025-10-07,10,2.3,308.8,-1.7924773193423897,1.4411887661382596
2025-10-07 11:00:00,2025-10-07,11,2.36,319.8,-1.5232801430285234,1.8025586275777554
2025-10-07 12:00:00,2025-10-07,12,2.45,327.7,-1.309163256005076,2.070891491393547
2025-10-07 13:00:00,2025-10-07,13,2.5,333.4,-1.1193977195969258,2.2353855920984196
2025-10-07 14:00:00,2025-10-07,14,2.5,338.4,-0.9203113817116968,2.3244412147206277
2025-10-07 15:00:00,2025-10-07,15,2.24,344.5,-0.598613962415296,2.1585322151873156
2025-10-07 16:00:00,2025-10-07,16,1.68,351.4,-0.2512193769854331,1.6611107201589697
2025-10-07 17:00:00,2025-10-07,17,1.4,356.7,-0.08058963774339449,1.3976785432596395
2025-10-07 18:00:00,2025-10-07,18,0.95,7.3,0.12071137817128297,0.9422997204605281
2025-10-07 19:00:00,2025-10-07,19,0.72,21.2,0.26036969045910646,0.6712731368751688
2025-10-07 20:00:00,2025-10-07,20,0.4,53.1,0.31987386339483626,0.24016809013035362
2025-10-07 21:00:00,2025-10-07,21,0.21,137.0,0.14321965561312466,-0.1535842773400258
2025-10-07 22:00:00,2025-10-07,22,0.44,207.2,-0.20112308790582528,-0.391343204248171
2025-10-07 23:00:00,2025-10-07,23,0.74,227.7,-0.547327010284171,-0.49802925999723247
2025-10-08 00:00:00,2025-10-08,0,1.01,238.4,-0.8602442034844783,-0.5292257650297796
2025-10-08 01:00:00,2025-10-08,1,1.25,248.4,-1.1622206073603143,-0.4601556908558473
2025-10-08 02:00:00,2025-10-08,2,1.45,255.6,-1.4044455836365148,-0.36060033638904015
2025-10-08 03:00:00,2025-10-08,3,1.58,260.2,-1.5569444796039145,-0.2689310086823318
2025-10-08 04:00:00,2025-10-08,4,1.69,264.2,-1.681348397920652,-0.1707851422391795
2025-10-08 05:00:00,2025-10-08,5,1.76,270.0,-1.76,-3.233067549749012e-16
2025-10-08 06:00:00,2025-10-08,6,1.74,275.9,-1.7307829017838832,0.1788590140098088
2025-10-08 07:00:00,2025-10-08,7,1.8,283.5,-1.7502658567158178,0.4202016549406302
2025-10-08 08:00:00,2025-10-08,8,1.78,304.7,-1.4634163930347133,1.013317551706902
2025-10-08 09:00:00,2025-10-08,9,1.68,334.7,-0.7179612104904837,1.5188586834301074
2025-10-08 10:00:00,2025-10-08,10,1.6,357.9,-0.058629933930491054,1.59892543004585
2025-10-08 11:00:00,2025-10-08,11,1.61,17.3,0.4787735472652355,1.537164887199504
2025-10-08 12:00:00,2025-10-08,12,1.63,28.1,0.7677493663876382,1.4378667916087984
2025-10-08 13:00:00,2025-10-08,13,1.6,31.2,0.8288432149970083,1.3685828162568108
2025-10-08 14:00:00,2025-10-08,14,1.55,31.5,0.8098727753097207,1.321592254748843
2025-10-08 15:00:00,2025-10-08,15,1.69,33.7,0.9376870823871188,1.4060024664005155
2025-10-08 16:00:00,2025-10-08,16,1.66,36.7,0.9920577439793651,1.3309475694446316
2025-10-08 17:00:00,2025-10-08,17,1.63,39.5,1.0368074990527552,1.2577480709219835
2025-10-08 18:00:00,2025-10-08,18,1.47,42.8,0.9987787172644292,1.0785829008192285
2025-10-08 19:00:00,2025-10-08,19,1.63,46.7,1.186269594981253,1.1178839152716231
2025-10-08 20:00:00,2025-10-08,20,1.69,51.7,1.32627206620091,1.0474265637337867
2025-10-08 21:00:00,2025-10-08,21,1.49,60.2,1.2929705255197035,0.7404912019310573
2025-10-08 22:00:00,2025-10-08,22,1.07,73.1,1.02379053494164,0.31105134715013033
2025-10-08 23:00:00,2025-10-08,23,0.51,90.0,0.51,3.1228493378257505e-17
2025-10-09 00:00:00,2025-10-09,0,0.24,235.0,-0.19659649062935797,-0.13765834472425112
2025-10-09 01:00:00,2025-10-09,1,0.91,265.6,-0.9073180045264975,-0.06981431559540484
2025-10-09 02:00:00,2025-10-09,2,1.46,274.7,-1.4550905847543334,0.11963022259985981
2025-10-09 03:00:00,2025-10-09,3,1.76,281.1,-1.7270750886263515,0.33883866108559746
2025-10-09 04:00:00,2025-10-09,4,1.91,287.7,-1.8195834291943496,0.5807031463676867
2025-10-09 05:00:00,2025-10-09,5,2.01,294.1,-1.8347966962384157,0.8207442253665841
2025-10-09 06:00:00,2025-10-09,6,2.02,299.4,-1.7598518984627827,0.9916255823025842
2025-10-09 07:00:00,2025-10-09,7,2.53,306.0,-2.046812995768617,1.4870966882999563
2025-10-09 08:00:00,2025-10-09,8,2.67,324.6,-1.5466807301549526,2.1763912145952395
2025-10-09 09:00:00,2025-10-09,9,2.79,342.9,-0.820372507398129,2.6666625112873406
2025-10-09 10:00:00,2025-10-09,10,2.59,354.0,-0.27072871986322233,2.5758117090038275
2025-10-09 11:00:00,2025-10-09,11,2.41,2.1,0.08831133798280064,2.4083814290065617
2025-10-09 12:00:00,2025-10-09,12,2.26,3.0,0.11827926110905305,2.2569027485453366
2025-10-09 13:00:00,2025-10-09,13,2.18,358.7,-0.049458387188664694,2.1794388883234825
2025-10-09 14:00:00,2025-10-09,14,2.2,354.3,-0.21850344943600644,2.189122253914698
2025-10-09 15:00:00,2025-10-09,15,2.27,355.2,-0.18994870436435696,2.2620387904963746
2025-10-09 16:00:00,2025-10-09,16,2.19,358.4,-0.06114838880461647,2.189146151938376
2025-10-09 17:00:00,2025-10-09,17,1.97,1.7,0.05844250084766819,1.9691329244351865
2025-10-09 18:00:00,2025-10-09,18,1.74,5.9,0.17885901400980944,1.7307829017838832
2025-10-09 19:00:00,2025-10-09,19,1.82,6.6,0.2091856138970172,1.8079384333927215
2025-10-09 20:00:00,2025-10-09,20,1.8,4.1,0.12869539979883465,1.7953934092756991
2025-10-09 21:00:00,2025-10-09,21,1.76,356.1,-0.11970691157083599,1.7559243307506653
2025-10-09 22:00:00,2025-10-09,22,1.75,344.8,-0.45883106262151274,1.6887788653265452
2025-10-09 23:00:00,2025-10-09,23,1.79,334.6,-0.76779388879163,1.6169701742253089
2025-10-10 00:00:00,2025-10-10,0,1.87,325.0,-1.072587935976457,1.5318143228204144
2025-10-10 01:00:00,2025-10-10,1,1.96,319.3,-1.278112871507568,1.4859432989473988
2025-10-10 02:00:00,2025-10-10,2,2.12,317.5,-1.4322512401452003,1.5630279540374628
2025-10-10 03:00:00,2025-10-10,3,2.49,319.1,-1.6303046261561749,1.8820751382274237
2025-10-10 04:00:00,2025-10-10,4,2.93,323.3,-1.7510416806382758,2.3492026376342006
2025-10-10 05:00:00,2025-10-10,5,3.22,326.7,-1.7678534739539855,2.6912997036058295
2025-10-10 06:00:00,2025-10-10,6,3.35,327.9,-1.7801852413855803,2.837858436630158
2025-10-10 07:00:00,2025-10-10,7,3.99,329.8,-2.007049587054639,3.448456459795281
2025-10-10 08:00:00,2025-10-10,8,4.29,334.6,-1.8401317222994933,3.8753084063835614
2025-10-10 09:00:00,2025-10-10,9,4.38,340.9,-1.4332143975284786,4.138876235249984
2025-10-10 10:00:00,2025-10-10,10,3.98,344.8,-1.0435129309906406,3.8407656479998
2025-10-10 11:00:00,2025-10-10,11,3.69,346.7,-0.8488835302241053,3.5910300405474556
2025-10-10 12:00:00,2025-10-10,12,3.68,348.2,-0.752545470777788,3.602231990643001
2025-10-10 13:00:00,2025-10-10,13,3.75,349.6,-0.6769467946895985,3.688393015550197
2025-10-10 14:00:00,2025-10-10,14,3.78,350.6,-0.6173721372733314,3.7292427708743445
2025-10-10 15:00:00,2025-10-10,15,3.6,351.8,-0.5134641613398429,3.56319443126804
2025-10-10 16:00:00,2025-10-10,16,3.11,352.6,-0.4005543053562181,3.0840973150114115
2025-10-10 17:00:00,2025-10-10,17,2.23,352.3,-0.29878919348279104,2.209892535364085
2025-10-10 18:00:00,2025-10-10,18,1.72,351.0,-0.2690672798691975,1.6988239458236367
2025-10-10 19:00:00,2025-10-10,19,1.71,349.2,-0.3204220479415892,1.6797111987460578
2025-10-10 20:00:00,2025-10-10,20,1.67,346.1,-0.40118083093702933,1.6210965242355788
2025-10-10 21:00:00,2025-10-10,21,1.66,339.2,-0.5894775575975073,1.551810622817384
2025-10-10 22:00:00,2025-10-10,22,1.68,329.9,-0.8425380384278889,1.4534543865571032
2025-10-10 23:00:00,2025-10-10,23,1.74,320.8,-1.099730986636841,1.3484034103452722
2025-10-11 00:00:00,2025-10-11,0,1.86,313.0,-1.3603178850116568,1.2685169497162474
2025-10-11 01:00:00,2025-10-11,1,2.04,308.2,-1.6031480620778198,1.2615531265294107
2025-10-11 02:00:00,2025-10-11,2,2.2,306.5,-1.7684850933578782,1.3086101308529512
2025-10-11 03:00:00,2025-10-11,3,2.25,308.5,-1.7608683529179316,1.4006579324346435
2025-10-11 04:00:00,2025-10-11,4,2.22,312.6,-1.6341355334058094,1.5026646526955079
2025-10-11 05:00:00,2025-10-11,5,2.15,316.5,-1.4799623377415712,1.5595548976764182
2025-10-11 06:00:00,2025-10-11,6,2.05,320.3,-1.3094740259069748,1.577269087846135
2025-10-11 07:00:00,2025-10-11,7,2.83,325.1,-1.6191728218508101,2.3210298087227756
2025-10-11 08:00:00,2025-10-11,8,3.08,338.1,-1.1488023703334902,2.857735662008674
2025-10-11 09:00:00,2025-10-11,9,3.1,345.8,-0.7604528962242878,3.0052805846749306
2025-10-11 10:00:00,2025-10-11,10,2.58,352.9,-0.3188918099904725,2.560216399744561
2025-10-11 11:00:00,2025-10-11,11,2.24,0.0,0.0,2.24
2025-10-11 12:00:00,2025-10-11,12,2.08,2.5,0.09072832571989889,2.0780203008902642
2025-10-11 13:00:00,2025-10-11,13,2.0,0.9,0.03141463462364135,1.9997532649633212
2025-10-11 14:00:00,2025-10-11,14,1.9,357.9,-0.06962304654245811,1.8987239481794467
2025-10-11 15:00:00,2025-10-11,15,1.96,353.9,-0.2082775798190185,1.9489023705010808
2025-10-11 16:00:00,2025-10-11,16,1.99,350.4,-0.33186980596504445,1.9621321137703047
2025-10-11 17:00:00,2025-10-11,17,1.85,345.9,-0.4506877718041433,1.7942632282767812
2025-10-11 18:00:00,2025-10-11,18,1.7,340.7,-0.56187446761248,1.6044616176914896
2025-10-11 19:00:00,2025-10-11,19,1.88,335.5,-0.7796232961937298,1.710727189247901
2025-10-11 20:00:00,2025-10-11,20,2.01,330.5,-0.9897713558079692,1.749414948839198
2025-10-11 21:00:00,2025-10-11,21,2.09,324.9,-1.2017609767704527,1.7099329094182987
2025-10-11 22:00:00,2025-10-11,22,2.17,320.1,-1.3919457005050717,1.6647483794392006
2025-10-11 23:00:00,2025-10-11,23,2.22,317.4,-1.5026646526955072,1.63413553340581
2025-10-12 00:00:00,2025-10-12,0,2.25,316.1,-1.5601541136205788,1.6212400012807442
2025-10-12 01:00:00,2025-10-12,1,2.26,315.4,-1.586865899769068,1.609178863939651
2025-10-12 02:00:00,2025-10-12,2,2.38,315.2,-1.677029419713356,1.688778352956919
2025-10-12 03:00:00,2025-10-12,3,2.4,314.0,-1.7264155208127625,1.6671800891015933
2025-10-12 04:00:00,2025-10-12,4,2.38,312.3,-1.760322006049091,1.6017697821532604
2025-10-12 05:00:00,2025-10-12,5,2.3,311.0,-1.735832034512376,1.5089357666781662
2025-10-12 06:00:00,2025-10-12,6,2.34,309.6,-1.8030009880953461,1.4915721360119345
2025-10-12 07:00:00,2025-10-12,7,3.21,308.9,-2.4981605067685284,2.015761415054373
2025-10-12 08:00:00,2025-10-12,8,3.15,309.9,-2.416570228218195,2.020566339442845
2025-10-12 09:00:00,2025-10-12,9,2.9,311.8,-2.161880399080301,1.9329441637234115
2025-10-12 10:00:00,2025-10-12,10,2.32,311.0,-1.7509262261168315,1.5220569472579764
2025-10-12 11:00:00,2025-10-12,11,1.89,307.5,-1.4994378131504345,1.1505591008264817
2025-10-12 12:00:00,2025-10-12,12,1.8,307.8,-1.4222790222762423,1.1032326965753585
2025-10-12 13:00:00,2025-10-12,13,1.85,310.0,-1.4171822197701096,1.1891570779200977
2025-10-12 14:00:00,2025-10-12,14,2.0,312.4,-1.4769106812517676,1.3486047751674466
2025-10-12 15:00:00,2025-10-12,15,2.02,316.8,-1.3827851539759504,1.472516627391252
2025-10-12 16:00:00,2025-10-12,16,1.87,325.9,-1.048394919833263,1.5484728257440643
2025-10-12 17:00:00,2025-10-12,17,1.69,337.7,-0.6412809096040185,1.5636044240719718
2025-10-12 18:00:00,2025-10-12,18,1.59,348.1,-0.32786465478064075,1.5558292863118277
2025-10-12 19:00:00,2025-10-12,19,1.74,354.7,-0.1607248221570184,1.7325609748411728
2025-10-12 20:00:00,2025-10-12,20,1.71,358.3,-0.05072927738553969,1.7092473608041467
2025-10-12 21:00:00,2025-10-12,21,1.6,356.8,-0.08931440798906261,1.5975052226911697
2025-10-12 22:00:00,2025-10-12,22,1.47,351.4,-0.21981695486225397,1.4534718801390984
2025-10-12 23:00:00,2025-10-12,23,1.32,342.8,-0.39033462605814195,1.2609674380014937
2025-10-13 00:00:00,2025-10-13,0,1.21,332.0,-0.5680605909709279,1.0683665873593016
2025-10-13 01:00:00,2025-10-13,1,1.21,321.0,-0.7614776731703038,0.9403466133629343
2025-10-13 02:00:00,2025-10-13,2,1.29,314.4,-0.9216697567263168,0.902565709262241
2025-10-13 03:00:00,2025-10-13,3,1.37,311.7,-1.0228943097309864,0.9113655858764743
2025-10-13 04:00:00,2025-10-13,4,1.41,311.8,-1.0511211595528358,0.9398107830517277
2025-10-13 05:00:00,2025-10-13,5,1.44,313.3,-1.0479927710263832,0.9875784282154216
2025-10-13 06:00:00,2025-10-13,6,1.43,315.6,-1.0005185769341125,1.0216959318749088
2025-10-13 07:00:00,2025-10-13,7,1.77,322.4,-1.079956940105244,1.4023526687386874
2025-10-13 08:00:00,2025-10-13,8,1.83,332.7,-0.8393286847062963,1.6261695357585564
2025-10-13 09:00:00,2025-10-13,9,1.95,345.1,-0.5014089466516576,1.8844333546765921
2025-10-13 10:00:00,2025-10-13,10,2.12,350.5,-0.349900924424636,2.090925475258931
2025-10-13 11:00:00,2025-10-13,11,2.19,350.3,-0.3689917412473545,2.1586905973045893
2025-10-13 12:00:00,2025-10-13,12,2.22,345.7,-0.5483378082444907,2.1512149237232503
2025-10-13 13:00:00,2025-10-13,13,2.32,339.5,-0.8124811245219649,2.173079479056282
2025-10-13 14:00:00,2025-10-13,14,2.43,334.7,-1.0384796080308782,2.1969205956756914
2025-10-13 15:00:00,2025-10-13,15,2.58,332.7,-1.1833158505695325,2.2926324602497683
2025-10-13 16:00:00,2025-10-13,16,2.5,334.9,-1.0604985568634766,2.2639219975278486
2025-10-13 17:00:00,2025-10-13,17,2.17,339.8,-0.7492970918268194,2.0365298593882364
2025-10-13 18:00:00,2025-10-13,18,1.96,346.7,-0.45089748488868464,1.9074305906430928
2025-10-13 19:00:00,2025-10-13,19,2.05,351.6,-0.2994702085529438,2.0280082825741257
2025-10-13 20:00:00,2025-10-13,20,2.03,354.3,-0.20161909197958774,2.019962807021289
2025-10-13 21:00:00,2025-10-13,21,1.9,356.1,-0.12922905226397066,1.89560012978765
2025-10-13 22:00:00,2025-10-13,22,1.74,357.4,-0.07893159934490172,1.7382087914358437
2025-10-13 23:00:00,2025-10-13,23,1.58,358.2,-0.049628999343442816,1.579220365377856
2025-10-14 00:00:00,2025-10-14,0,1.41,358.4,-0.03936951060023252,1.4094502622068996
2025-10-14 01:00:00,2025-10-14,1,1.28,356.0,-0.08928828639248082,1.276881984332575
2025-10-14 02:00:00,2025-10-14,2,1.21,351.9,-0.1704904906444754,1.1979286258370345
2025-10-14 03:00:00,2025-10-14,3,1.19,346.4,-0.2798191145920828,1.1566335906884697
2025-10-14 04:00:00,2025-10-14,4,1.2,341.6,-0.3787788443365227,1.138651213973396
2025-10-14 05:00:00,2025-10-14,5,1.2,337.9,-0.4514691157672389,1.1118343570462046
2025-10-14 06:00:00,2025-10-14,6,1.15,336.3,-0.4622399431543544,1.0530119823404949
2025-10-14 07:00:00,2025-10-14,7,1.31,338.0,-0.4907346373748452,1.2146108494824914
2025-10-14 08:00:00,2025-10-14,8,1.33,357.4,-0.06033277421190764,1.3286308578216506
2025-10-14 09:00:00,2025-10-14,9,1.5,9.6,0.25015312007415336,1.4789940556057575
2025-10-14 10:00:00,2025-10-14,10,1.42,8.1,0.20007974935136738,1.4058335939575117
2025-10-14 11:00:00,2025-10-14,11,1.41,1.2,0.029528812035533307,1.4096907636995322
2025-10-14 12:00:00,2025-10-14,12,1.55,349.6,-0.2798046751383674,1.5245357797607482
2025-10-14 13:00:00,2025-10-14,13,1.8,338.1,-0.6713780086364554,1.6701052570180561
2025-10-14 14:00:00,2025-10-14,14,2.13,332.0,-0.9999744287339474,1.8806783727895144
2025-10-14 15:00:00,2025-10-14,15,2.39,332.0,-1.1220370350582791,2.110244746932836
2025-10-14 16:00:00,2025-10-14,16,2.38,338.1,-0.8877109225304242,2.20825028427943
2025-10-14 17:00:00,2025-10-14,17,2.19,342.2,-0.6694727178692024,2.0851633701052834
2025-10-14 18:00:00,2025-10-14,18,2.08,348.1,-0.42890470562498917,2.0352986890116993
2025-10-14 19:00:00,2025-10-14,19,2.15,351.7,-0.3103658321520926,2.1274804464982844
2025-10-14 20:00:00,2025-10-14,20,2.13,354.1,-0.21894810335683582,2.118717000459581
2025-10-14 21:00:00,2025-10-14,21,2.02,354.3,-0.20062589448215137,2.010012251321677
2025-10-14 22:00:00,2025-10-14,22,1.87,351.4,-0.2796310922397381,1.848974432557901
2025-10-14 23:00:00,2025-10-14,23,1.73,346.3,-0.4097299926935196,1.680779977595928
2025-10-15 00:00:00,2025-10-15,0,1.64,338.9,-0.5903947653168845,1.5300437971138017
2025-10-15 01:00:00,2025-10-15,1,1.68,331.9,-0.79129996044861,1.4819731349096812
2025-10-15 02:00:00,2025-10-15,2,1.81,327.9,-0.9618314289277314,1.5332906777016675
2025-10-15 03:00:00,2025-10-15,3,1.91,329.8,-0.9607680980637494,1.6507648717315757
2025-10-15 04:00:00,2025-10-15,4,1.98,333.6,-0.8803776547861564,1.7735092852740375
2025-10-15 05:00:00,2025-10-15,5,1.96,335.0,-0.8283317930117704,1.776363262591834
2025-10-15 06:00:00,2025-10-15,6,1.84,333.6,-0.8181287297002665,1.6481096388405199
2025-10-15 07:00:00,2025-10-15,7,1.84,330.6,-0.9032629066518583,1.6030334124611492
2025-10-15 08:00:00,2025-10-15,8,1.76,328.2,-0.927442200074153,1.4958111396568803
2025-10-15 09:00:00,2025-10-15,9,2.01,328.2,-1.0591811489483223,1.708284312903596
2025-10-15 10:00:00,2025-10-15,10,2.0,319.1,-1.3094816274346786,1.51170693833528
2025-10-15 11:00:00,2025-10-15,11,2.15,317.6,-1.4497501333050042,1.5876789823456507
2025-10-15 12:00:00,2025-10-15,12,2.49,322.3,-1.52270233006272,1.9701465970890502
2025-10-15 13:00:00,2025-10-15,13,2.89,328.6,-1.5057178360192653,2.4667618041256962
2025-10-15 14:00:00,2025-10-15,14,3.29,332.7,-1.508957034253396,2.923550695434782
2025-10-15 15:00:00,2025-10-15,15,3.54,335.7,-1.4567608294620866,3.2263675992894756
2025-10-15 16:00:00,2025-10-15,16,3.26,338.2,-1.210659143893767,3.026863795631777
2025-10-15 17:00:00,2025-10-15,17,2.38,340.3,-0.8022867150469357,2.24069989665265
2025-10-15 18:00:00,2025-10-15,18,2.39,341.7,-0.7504419697620978,2.2691268915641505
2025-10-15 19:00:00,2025-10-15,19,2.35,340.3,-0.7921738572942433,2.212455780308289
2025-10-15 20:00:00,2025-10-15,20,2.23,335.6,-0.9212228785087271,2.0308245635977755
2025-10-15 21:00:00,2025-10-15,21,2.08,325.0,-1.1930389876101768,1.7038362521211026
2025-10-15 22:00:00,2025-10-15,22,1.98,310.7,-1.5011059856713513,1.2911548395841765
2025-10-15 23:00:00,2025-10-15,23,1.98,297.3,-1.7594621206567982,0.9081261178789443
2025-10-16 00:00:00,2025-10-16,0,2.05,287.9,-1.9507685279528482,0.6300810664896043
2025-10-16 01:00:00,2025-10-16,1,2.14,283.8,-2.0782273590066214,0.5104615992181629
2025-10-16 02:00:00,2025-10-16,2,2.21,284.4,-2.140568786094275,0.5496046506343275
2025-10-16 03:00:00,2025-10-16,3,2.26,289.6,-2.1290498432992897,0.7581205476355778
2025-10-16 04:00:00,2025-10-16,4,2.31,297.0,-2.05822507087513,1.0487180543983528
2025-10-16 05:00:00,2025-10-16,5,2.33,304.2,-1.9270977380597292,1.3096542703954643
2025-10-16 06:00:00,2025-10-16,6,2.29,310.2,-1.749092905573331,1.478098104887846
2025-10-16 07:00:00,2025-10-16,7,2.09,315.0,-1.4778531726798845,1.4778531726798838
2025-10-16 08:00:00,2025-10-16,8,2.37,320.8,-1.4979094473156973,1.8366184382289052
2025-10-16 09:00:00,2025-10-16,9,2.9,347.9,-0.6078938324210844,2.8355713865999577
2025-10-16 10:00:00,2025-10-16,10,2.73,350.3,-0.45997600621245566,2.6909704706125703
2025-10-16 11:00:00,2025-10-16,11,2.57,344.9,-0.6694965872116081,2.481264661359608
2025-10-16 12:00:00,2025-10-16,12,2.66,336.0,-1.0819194705816284,2.4300309173293186
2025-10-16 13:00:00,2025-10-16,13,2.91,328.1,-1.5377555540420287,2.470507611000803
2025-10-16 14:00:00,2025-10-16,14,3.14,322.1,-1.9288555283106816,2.477724026380929
2025-10-16 15:00:00,2025-10-16,15,3.2,318.3,-2.128737134893955,2.3892421833132516
2025-10-16 16:00:00,2025-10-16,16,2.75,317.1,-1.8719823896370236,2.014492971665292
2025-10-16 17:00:00,2025-10-16,17,2.07,316.0,-1.4379428268501249,1.4890333867010073
2025-10-16 18:00:00,2025-10-16,18,2.05,315.0,-1.4495689014324227,1.449568901432422
2025-10-16 19:00:00,2025-10-16,19,1.94,312.9,-1.4211332236475154,1.3205984857802997
2025-10-16 20:00:00,2025-10-16,20,1.79,309.1,-1.3891230686491174,1.1289096953020024
2025-10-16 21:00:00,2025-10-16,21,1.78,303.3,-1.4877371032355209,0.9772606160366746
2025-10-16 22:00:00,2025-10-16,22,1.94,299.3,-1.691814388518314,0.9494019563927616
2025-10-16 23:00:00,2025-10-16,23,2.13,297.6,-1.8876136237624872,0.9868205548053055
2025-10-17 00:00:00,2025-10-17,0,2.36,298.3,-2.077926554281622,1.1188481733511946
2025-10-17 01:00:00,2025-10-17,1,2.6,300.0,-2.25166604983954,1.3000000000000003
2025-10-17 02:00:00,2025-10-17,2,2.78,303.1,-2.328858032204819,1.5181634516201135
2025-10-17 03:00:00,2025-10-17,3,2.79,304.5,-2.2993120662554243,1.5802734010202826
2025-10-17 04:00:00,2025-10-17,4,2.72,304.2,-2.2496591620268083,1.5288667877577953
2025-10-17 05:00:00,2025-10-17,5,2.63,303.2,-2.20069014439707,1.4400912777854054
2025-10-17 06:00:00,2025-10-17,6,2.48,301.3,-2.119057898729362,1.288407397461184
2025-10-17 07:00:00,2025-10-17,7,2.19,298.7,-1.9209500985152395,1.0516894594005832
2025-10-17 08:00:00,2025-10-17,8,2.23,293.8,-2.0403600593051094,0.8999060108658292
2025-10-17 09:00:00,2025-10-17,9,1.81,335.8,-0.7419606912532462,1.6509374102718144
2025-10-17 10:00:00,2025-10-17,10,2.01,1.1,0.03858685922337623,2.009629581364505
2025-10-17 11:00:00,2025-10-17,11,1.97,1.2,0.041256567170213206,1.9695679464454456
2025-10-17 12:00:00,2025-10-17,12,1.97,355.6,-0.15113648540983254,1.9641939218870328
2025-10-17 13:00:00,2025-10-17,13,1.99,349.3,-0.369476564617299,1.9553994651217943
2025-10-17 14:00:00,2025-10-17,14,2.05,343.6,-0.5787999865278953,1.9665936478071182
2025-10-17 15:00:00,2025-10-17,15,2.1,339.4,-0.738867461649874,1.9657250250518439
2025-10-17 16:00:00,2025-10-17,16,1.85,335.4,-0.7701194656817425,1.6820868017370767
2025-10-17 17:00:00,2025-10-17,17,1.66,330.8,-0.8098470341702956,1.4490506482678842
2025-10-17 18:00:00,2025-10-17,18,1.62,326.3,-0.898847972465759,1.3477656778513818
2025-10-17 19:00:00,2025-10-17,19,1.64,323.4,-0.9778087949436104,1.3166206593134273
2025-10-17 20:00:00,2025-10-17,20,1.6,319.1,-1.0475853019477428,1.209365550668224
2025-10-17 21:00:00,2025-10-17,21,1.62,311.5,-1.2133082676781834,1.0734444781094947
2025-10-17 22:00:00,2025-10-17,22,1.73,305.3,-1.4119180308386765,0.9996936901834649
2025-10-17 23:00:00,2025-10-17,23,1.85,302.0,-1.5688889778893882,0.9803506388314287
2025-10-18 00:00:00,2025-10-18,0,1.97,300.9,-1.6903878642755807,1.0116762665545935
2025-10-18 01:00:00,2025-10-18,1,2.09,300.7,-1.7970912476374659,1.0670346984352548
2025-10-18 02:00:00,2025-10-18,2,2.2,300.7,-1.8916749975131224,1.1231944194055317
2025-10-18 03:00:00,2025-10-18,3,2.18,300.3,-1.8822023003227626,1.0998702199167416
2025-10-18 04:00:00,2025-10-18,4,2.06,301.3,-1.760185190073583,1.07020937047179
2025-10-18 05:00:00,2025-10-18,5,1.86,303.6,-1.5492335077207844,1.0293082815926209
2025-10-18 06:00:00,2025-10-18,6,1.58,307.0,-1.2618441058747232,0.9508677365802358
2025-10-18 07:00:00,2025-10-18,7,1.21,310.3,-0.9228286789317824,0.7826156332076565
2025-10-18 08:00:00,2025-10-18,8,0.98,313.8,-0.7073250235363948,0.6783003103929988
2025-10-18 09:00:00,2025-10-18,9,1.07,62.2,0.9465016434801399,0.49903370516368367
2025-10-18 10:00:00,2025-10-18,10,1.06,89.5,1.0599596384480217,0.00925012762827633
2025-10-18 11:00:00,2025-10-18,11,0.75,109.4,0.7074169934607007,-0.24912084891277747
2025-10-18 12:00:00,2025-10-18,12,0.4,130.0,0.3064177772475912,-0.25711504387461576
2025-10-18 13:00:00,2025-10-18,13,0.19,198.4,-0.05997331701994944,-0.18028644221245435
2025-10-18 14:00:00,2025-10-18,14,0.34,253.1,-0.3253166185795865,-0.098838745823406
2025-10-18 15:00:00,2025-10-18,15,0.37,265.4,-0.3688081850288114,-0.029673602001677988
2025-10-18 16:00:00,2025-10-18,16,0.25,267.7,-0.2497985987786115,-0.01003294813314002
2025-10-18 17:00:00,2025-10-18,17,0.16,227.5,-0.11796437388961982,-0.10809443321850566
2025-10-18 18:00:00,2025-10-18,18,0.12,189.5,-0.01980571270328129,-0.11835427218446777
2025-10-18 19:00:00,2025-10-18,19,0.14,146.3,0.0776782198427199,-0.11647357709826757
2025-10-18 20:00:00,2025-10-18,20,0.21,125.2,0.171600428650377,-0.12105078639565656
2025-10-18 21:00:00,2025-10-18,21,0.14,167.9,0.029346598806535035,-0.13688965314620488
2025-10-18 22:00:00,2025-10-18,22,0.34,245.7,-0.30987711405605134,-0.13991488192573712
2025-10-18 23:00:00,2025-10-18,23,0.64,263.8,-0.6362566169422819,-0.06911958765185441
2025-10-19 00:00:00,2025-10-19,0,0.94,272.4,-0.9391754602929269,0.039363114505447536
2025-10-19 01:00:00,2025-10-19,1,1.24,279.8,-1.221905794119528,0.21105977896588016
2025-10-19 02:00:00,2025-10-19,2,1.5,285.9,-1.4426119643238173,0.41093882803864784
2025-10-19 03:00:00,2025-10-19,3,1.54,288.6,-1.459563351414762,0.4911973363190278
2025-10-19 04:00:00,2025-10-19,4,1.37,290.6,-1.2824015639623931,0.48202305831444225
2025-10-19 05:00:00,2025-10-19,5,1.12,293.6,-1.0263262571097085,0.44839091646372237
2025-10-19 06:00:00,2025-10-19,6,0.77,298.6,-0.6760468910795447,0.3685927306142677
2025-10-19 07:00:00,2025-10-19,7,0.35,315.0,-0.24748737341529167,0.24748737341529156
2025-10-19 08:00:00,2025-10-19,8,0.37,67.6,0.3420820324365558,0.14099603924960147
2025-10-19 09:00:00,2025-10-19,9,1.79,95.5,1.7817591950772502,-0.17156389701120087
2025-10-19 10:00:00,2025-10-19,10,1.94,98.6,1.9181873792311914,-0.29009856628079633
2025-10-19 11:00:00,2025-10-19,11,1.9,101.3,1.8631678512385645,-0.3722976740607834
2025-10-19 12:00:00,2025-10-19,12,1.83,103.9,1.776411161288089,-0.4396173177333929
2025-10-19 13:00:00,2025-10-19,13,1.77,105.4,1.7064488654943748,-0.4700343279516518
2025-10-19 14:00:00,2025-10-19,14,1.67,105.3,1.6108108888245227,-0.44066799344217267
2025-10-19 15:00:00,2025-10-19,15,1.59,102.7,1.5510999248739121,-0.3495554649210115
2025-10-19 16:00:00,2025-10-19,16,1.41,101.9,1.3796976689935074,-0.29074790140924794
2025-10-19 17:00:00,2025-10-19,17,1.28,105.9,1.2310288762229906,-0.35066779992631353
2025-10-19 18:00:00,2025-10-19,18,1.39,112.9,1.2804477137363524,-0.5408822906948868
2025-10-19 19:00:00,2025-10-19,19,1.49,122.1,1.2622116628593845,-0.7917838834819432
2025-10-19 20:00:00,2025-10-19,20,1.53,132.3,1.1316355753172727,-1.0297091456699534
2025-10-19 21:00:00,2025-10-19,21,1.5,146.4,0.8300873238650162,-1.249381861065149
2025-10-19 22:00:00,2025-10-19,22,1.45,161.9,0.45048082296456105,-1.3782478108602862
2025-10-19 23:00:00,2025-10-19,23,1.38,176.3,0.08905458538908151,-1.377123553215607
2025-10-20 00:00:00,2025-10-20,0,1.3,187.5,-0.16968404988606672,-1.2888783197859537
2025-10-20 01:00:00,2025-10-20,1,1.2,196.9,-0.34884263231790313,-1.1481763008691288
2025-10-20 02:00:00,2025-10-20,2,1.08,206.3,-0.4785168860901143,-0.9682053448141158
2025-10-20 03:00:00,2025-10-20,3,0.8,208.5,-0.38172700820768674,-0.7030536901295723
2025-10-20 04:00:00,2025-10-20,4,0.38,189.0,-0.05944509671528768,-0.37532156942615236
2025-10-20 05:00:00,2025-10-20,5,0.3,117.4,0.26634461554092037,-0.13805993543515546
2025-10-20 06:00:00,2025-10-20,6,0.55,91.0,0.5499162323360153,-0.009598823540505914
2025-10-20 07:00:00,2025-10-20,7,0.79,84.2,0.7859557599747428,0.0798344747745276
2025-10-20 08:00:00,2025-10-20,8,1.43,88.4,1.4294424645077066,0.039927943374703324
2025-10-20 09:00:00,2025-10-20,9,2.47,90.2,2.4699849519147423,-0.00862190899560248
2025-10-20 10:00:00,2025-10-20,10,2.55,86.2,2.544393744144727,0.16899844602000016
2025-10-20 11:00:00,2025-10-20,11,2.46,82.1,2.4366532795662397,0.33811358325138113
2025-10-20 12:00:00,2025-10-20,12,2.36,76.3,2.2928559231944448,0.5589380247148602
2025-10-20 13:00:00,2025-10-20,13,2.28,68.9,2.1271340594021146,0.8207927225137168
2025-10-20 14:00:00,2025-10-20,14,2.23,61.9,1.967142911219399,1.050356495119284
2025-10-20 15:00:00,2025-10-20,15,2.24,57.0,1.87862207219775,1.2199914384336608
2025-10-20 16:00:00,2025-10-20,16,1.98,56.3,1.6472691618183553,1.0985919663470387
2025-10-20 17:00:00,2025-10-20,17,1.74,59.6,1.500773784420628,0.8804987495708249
2025-10-20 18:00:00,2025-10-20,18,1.76,65.2,1.5976883622179192,0.7382356651052717
2025-10-20 19:00:00,2025-10-20,19,1.75,71.7,1.6614945858733319,0.5494867979429585
2025-10-20 20:00:00,2025-10-20,20,1.7,80.2,1.6751934274219331,0.28935614858225545
2025-10-20 21:00:00,2025-10-20,21,1.5,91.9,1.4991753239126357,-0.049732767582789564
2025-10-20 22:00:00,2025-10-20,22,1.22,106.2,1.1715582965258706,-0.3403691493678598
2025-10-20 23:00:00,2025-10-20,23,0.95,119.0,0.830888721782426,-0.46056913923402015
2025-10-21 00:00:00,2025-10-21,0,0.67,130.1,0.5124973386153494,-0.43156283194012895
2025-10-21 01:00:00,2025-10-21,1,0.32,141.3,0.20007765002742564,-0.24973773034826555
2025-10-21 02:00:00,2025-10-21,2,0.07,296.6,-0.06259079657875577,0.031343136148713896
2025-10-21 03:00:00,2025-10-21,3,0.38,344.9,-0.09899171328420665,0.36687959973410544
2025-10-21 04:00:00,2025-10-21,4,0.72,359.2,-0.010052769844184786,0.719929817286699
2025-10-21 05:00:00,2025-10-21,5,0.97,5.3,0.08959946982316473,0.9658529572390446
2025-10-21 06:00:00,2025-10-21,6,1.21,11.4,0.23916538185874264,1.1861281212922834
2025-10-21 07:00:00,2025-10-21,7,1.38,16.9,0.40116902716558833,1.320402745999498
2025-10-21 08:00:00,2025-10-21,8,1.85,27.4,0.8513696018501256,1.6424584625023426
2025-10-21 09:00:00,2025-10-21,9,3.01,45.8,2.157900929027953,2.098466959592239
2025-10-21 10:00:00,2025-10-21,10,3.2,46.1,2.305763557377057,2.2188858504826015
2025-10-21 11:00:00,2025-10-21,11,3.01,46.3,2.1761311091878,2.079556057341344
2025-10-21 12:00:00,2025-10-21,12,2.79,46.0,2.006958042944837,1.9380968535806025
2025-10-21 13:00:00,2025-10-21,13,2.57,44.2,1.7917143143362309,1.8424602616617405
2025-10-21 14:00:00,2025-10-21,14,2.31,41.1,1.5185368177843612,1.7407314362167836
2025-10-21 15:00:00,2025-10-21,15,2.14,37.0,1.2878841495453834,1.7090799915012067
2025-10-21 16:00:00,2025-10-21,16,1.77,35.1,1.017759296116603,1.4481249998422914
2025-10-21 17:00:00,2025-10-21,17,1.56,34.8,0.8903131655877133,1.2809927662485783
2025-10-21 18:00:00,2025-10-21,18,1.52,34.0,0.8499732132755353,1.2601371102836634
2025-10-21 19:00:00,2025-10-21,19,1.48,31.8,0.7798945773350828,1.2578411856205587
2025-10-21 20:00:00,2025-10-21,20,1.39,28.4,0.6611176506076825,1.2227115162845967
2025-10-21 21:00:00,2025-10-21,21,1.19,21.6,0.4380682176947668,1.1064340182070191
2025-10-21 22:00:00,2025-10-21,22,0.97,8.9,0.15006907471048406,0.9583210697963074
2025-10-21 23:00:00,2025-10-21,23,0.9,348.4,-0.18097012903136828,0.8816177246394097
2025-10-22 00:00:00,2025-10-22,0,1.05,328.3,-0.5517452336258809,0.8933516648952541
2025-10-22 01:00:00,2025-10-22,1,1.3,320.9,-0.8198785496606726,1.0088603291865095
2025-10-22 02:00:00,2025-10-22,2,1.55,322.3,-0.9478669122880384,1.2263964760996093
2025-10-22 03:00:00,2025-10-22,3,1.67,329.4,-0.8500991643031212,1.4374391850965853
2025-10-22 04:00:00,2025-10-22,4,1.73,339.4,-0.6086860517401342,1.6193829968284237
2025-10-22 05:00:00,2025-10-22,5,1.75,350.1,-0.30087592548896697,1.7239413207708543
2025-10-22 06:00:00,2025-10-22,6,1.73,0.3,0.009058217428355872,1.7299762855880483
2025-10-22 07:00:00,2025-10-22,7,1.59,10.5,0.2897544855325145,1.563375303026688
2025-10-22 08:00:00,2025-10-22,8,1.91,21.2,0.6907029288567963,1.780738460321628
2025-10-22 09:00:00,2025-10-22,9,2.98,39.7,1.9035280961964813,2.2928106740397474
2025-10-22 10:00:00,2025-10-22,10,3.07,41.7,2.042257188788888,2.2921792196161515
2025-10-22 11:00:00,2025-10-22,11,2.88,41.6,1.9121074924384558,2.1536585006357716
2025-10-22 12:00:00,2025-10-22,12,2.6,38.8,1.629169909547597,2.026278708821833
2025-10-22 13:00:00,2025-10-22,13,2.36,32.9,1.2818917018835827,1.981502880301215
2025-10-22 14:00:00,2025-10-22,14,2.24,24.8,0.9395726646794368,2.0334215519137158
2025-10-22 15:00:00,2025-10-22,15,2.17,18.5,0.68855110439905,2.0578623317974523
2025-10-22 16:00:00,2025-10-22,16,1.78,15.0,0.4606979002824869,1.7193479707945416
2025-10-22 17:00:00,2025-10-22,17,1.48,11.3,0.2900002934789262,1.4513096946489872
2025-10-22 18:00:00,2025-10-22,18,1.38,12.5,0.2986866672345819,1.347288489825508
2025-10-22 19:00:00,2025-10-22,19,1.19,13.1,0.26971505584985744,1.1590314010620715
2025-10-22 20:00:00,2025-10-22,20,0.82,10.5,0.14943313090356092,0.8062690242024427
2025-10-22 21:00:00,2025-10-22,21,0.41,332.2,-0.19121852253935548,0.36267819983818433
2025-10-22 22:00:00,2025-10-22,22,0.64,266.4,-0.6387371061940939,-0.04018593249876102
2025-10-22 23:00:00,2025-10-22,23,1.08,257.8,-1.0556091658289837,-0.22823078017182002
2025-10-23 00:00:00,2025-10-23,0,1.38,262.5,-1.3681939086958583,-0.18012614526367124
2025-10-23 01:00:00,2025-10-23,1,1.58,269.6,-1.5799614965145237,-0.011030391270778858
2025-10-23 02:00:00,2025-10-23,2,1.69,276.5,-1.6791364360934329,0.19131343126776212
2025-10-23 03:00:00,2025-10-23,3,1.71,281.1,-1.6780104554267392,0.32921256275930205
2025-10-23 04:00:00,2025-10-23,4,1.7,285.3,-1.6397476113782568,0.44858418494113406
2025-10-23 05:00:00,2025-10-23,5,1.71,289.8,-1.6089061149117252,0.5792418436194491
2025-10-23 06:00:00,2025-10-23,6,1.7,292.2,-1.5739799941769912,0.6423293375913935
2025-10-23 07:00:00,2025-10-23,7,1.5,289.5,-1.4139622366382676,0.5007102888506564
2025-10-23 08:00:00,2025-10-23,8,1.61,286.6,-1.5428993448888644,0.4599582715220082
2025-10-23 09:00:00,2025-10-23,9,0.97,335.0,-0.4099397138884782,0.8791185534255506
2025-10-23 10:00:00,2025-10-23,10,0.98,9.4,0.1600594429967898,0.96684071837483
2025-10-23 11:00:00,2025-10-23,11,0.97,13.2,0.22150034400733604,0.9443715357869654
2025-10-23 12:00:00,2025-10-23,12,1.04,4.9,0.08883360006286217,1.0361991080385426
2025-10-23 13:00:00,2025-10-23,13,1.18,357.1,-0.05969966929052143,1.1784888414773398
2025-10-23 14:00:00,2025-10-23,14,1.28,352.4,-0.16928817952911782,1.2687558915219732
2025-10-23 15:00:00,2025-10-23,15,1.37,349.9,-0.24025241474602346,1.348769356564978
2025-10-23 16:00:00,2025-10-23,16,1.26,349.0,-0.24041933417444628,1.2368502511440567
2025-10-23 17:00:00,2025-10-23,17,1.11,350.1,-0.19084130131014476,1.0934713520317991
2025-10-23 18:00:00,2025-10-23,18,1.01,358.3,-0.02996290652596204,1.009555458720578
2025-10-23 19:00:00,2025-10-23,19,0.83,4.8,0.06945260996582185,0.8270890731770886
2025-10-23 20:00:00,2025-10-23,20,0.52,8.9,0.08044940087572341,0.5137391302000823
2025-10-23 21:00:00,2025-10-23,21,0.12,355.2,-0.010041341199877901,0.1195791431099405
2025-10-23 22:00:00,2025-10-23,22,0.25,223.4,-0.1717718777011058,-0.18164366774274393
2025-10-23 23:00:00,2025-10-23,23,0.49,230.8,-0.3797227994650479,-0.309694358305777
2025-10-24 00:00:00,2025-10-24,0,0.68,242.7,-0.6042597182053653,-0.3118816970493341
2025-10-24 01:00:00,2025-10-24,1,0.85,255.0,-0.8210369523457081,-0.21999618833714252
2025-10-24 02:00:00,2025-10-24,2,1.06,264.0,-1.0541932090903698,-0.11080017106371257
2025-10-24 03:00:00,2025-10-24,3,1.14,266.5,-1.1378736702009282,-0.06959533506973675
2025-10-24 04:00:00,2025-10-24,4,1.11,264.3,-1.1045116826569612,-0.11024492221543954
2025-10-24 05:00:00,2025-10-24,5,1.07,258.2,-1.047388105975003,-0.2188107754707164
2025-10-24 06:00:00,2025-10-24,6,1.02,250.0,-0.9584864732016266,-0.34886054619218193
2025-10-24 07:00:00,2025-10-24,7,0.89,241.1,-0.779163429030016,-0.43012132109695206
2025-10-24 08:00:00,2025-10-24,8,0.82,218.6,-0.5115812693016965,-0.6408467873834315
2025-10-24 09:00:00,2025-10-24,9,0.9,142.2,0.5516163482876791,-0.7111395111381212
2025-10-24 10:00:00,2025-10-24,10,1.24,129.7,0.9540554482581498,-0.7920720937193411
2025-10-24 11:00:00,2025-10-24,11,1.39,128.3,1.0908391550409853,-0.8614928541952448
2025-10-24 12:00:00,2025-10-24,12,1.36,127.2,1.0832806885129072,-0.8222547962128298
2025-10-24 13:00:00,2025-10-24,13,1.2,125.8,0.9732765827871919,-0.7019492099846586
2025-10-24 14:00:00,2025-10-24,14,0.97,124.0,0.8041664453783904,-0.5424171163666243
2025-10-24 15:00:00,2025-10-24,15,0.76,114.9,0.6893534508615133,-0.31998721815929315
2025-10-24 16:00:00,2025-10-24,16,0.61,101.3,0.5981749417134339,-0.11952714798793572
2025-10-24 17:00:00,2025-10-24,17,0.59,102.6,0.5757908895438609,-0.12870451242395997
2025-10-24 18:00:00,2025-10-24,18,0.79,113.0,0.7271988342274278,-0.30867759150652635
2025-10-24 19:00:00,2025-10-24,19,1.05,131.1,0.79124156191672,-0.6902440080838004
2025-10-24 20:00:00,2025-10-24,20,1.36,150.0,0.6799999999999999,-1.1777945491468367
2025-10-24 21:00:00,2025-10-24,21,1.67,169.6,0.301466972568435,-1.6425643562583545
2025-10-24 22:00:00,2025-10-24,22,1.96,187.0,-0.23886391307408872,-1.9453904572169913
2025-10-24 23:00:00,2025-10-24,23,2.17,201.0,-0.777658450513302,-2.0258695254989276
2025-10-25 00:00:00,2025-10-25,0,2.29,213.6,-1.2672666477672576,-1.907389641226128
2025-10-25 01:00:00,2025-10-25,1,2.35,225.2,-1.6674912308608236,-1.6558903934144482
2025-10-25 02:00:00,2025-10-25,2,2.4,234.3,-1.9490004645403356,-1.4004989072546812
2025-10-25 03:00:00,2025-10-25,3,2.33,240.1,-2.019869425019954,-1.1614764336264258
2025-10-25 04:00:00,2025-10-25,4,2.17,243.4,-1.9403146939414293,-0.9716372206101297
2025-10-25 05:00:00,2025-10-25,5,1.99,244.7,-1.7991242738249487,-0.8504421481405133
2025-10-25 06:00:00,2025-10-25,6,1.78,243.7,-1.5957458460825242,-0.7886667196670399
2025-10-25 07:00:00,2025-10-25,7,1.39,241.6,-1.2227115162845965,-0.661117650607683
2025-10-25 08:00:00,2025-10-25,8,1.35,239.3,-1.1608005666557795,-0.6892329391806674
2025-10-25 09:00:00,2025-10-25,9,0.49,137.5,0.33103920173167356,-0.3612658950369607
2025-10-25 10:00:00,2025-10-25,10,1.38,95.4,1.3738755111522503,-0.12986947237954982
2025-10-25 11:00:00,2025-10-25,11,1.67,90.3,1.6699771080532027,-0.008744059598470423
2025-10-25 12:00:00,2025-10-25,12,1.77,85.1,1.7635311742579043,0.15118795395314055
2025-10-25 13:00:00,2025-10-25,13,1.78,81.9,1.7622421107354724,0.250804192848897
2025-10-25 14:00:00,2025-10-25,14,1.7,81.5,1.6813269677152585,0.2512759989203379
2025-10-25 15:00:00,2025-10-25,15,1.76,81.5,1.7406679195169736,0.26014456358811455
2025-10-25 16:00:00,2025-10-25,16,1.71,85.0,1.703492933736885,0.1490363200984954
2025-10-25 17:00:00,2025-10-25,17,1.6,92.9,1.597950971494698,-0.08094870412274151
2025-10-25 18:00:00,2025-10-25,18,1.82,104.6,1.7612306902771877,-0.4587662320024666
2025-10-25 19:00:00,2025-10-25,19,1.94,117.4,1.7223618471646185,-0.892787582480672
2025-10-25 20:00:00,2025-10-25,20,2.0,129.1,1.5520928141330923,-1.2613516148625719
2025-10-25 21:00:00,2025-10-25,21,1.93,145.2,1.101477185630953,-1.5848179736280488
2025-10-25 22:00:00,2025-10-25,22,1.81,166.0,0.4378786310353986,-1.7562352645595536
2025-10-25 23:00:00,2025-10-25,23,1.76,186.5,-0.19923765623151568,-1.748686465990794
2025-10-26 00:00:00,2025-10-26,0,1.76,203.1,-0.6905133252222677,-1.6188858352862585
2025-10-26 01:00:00,2025-10-26,1,1.76,216.9,-1.0567395965735562,-1.407444998937279
2025-10-26 02:00:00,2025-10-26,2,1.79,228.4,-1.3385585819923722,-1.1884279206475123
2025-10-26 03:00:00,2025-10-26,3,1.81,235.3,-1.4880807142656352,-1.0303959374098277
2025-10-26 04:00:00,2025-10-26,4,1.76,239.9,-1.5226665002026796,-0.8826588974006456
2025-10-26 05:00:00,2025-10-26,5,1.65,242.2,-1.4595586091048882,-0.7695379565608207
2025-10-26 06:00:00,2025-10-26,6,1.44,241.8,-1.269076970973589,-0.6804731014114375
2025-10-26 07:00:00,2025-10-26,7,1.02,238.6,-0.870621813220834,-0.5314298244773877
2025-10-26 08:00:00,2025-10-26,8,0.72,222.2,-0.48363882431255284,-0.5333793093264602
2025-10-26 09:00:00,2025-10-26,9,1.16,95.5,1.1546595901059273,-0.11118107292345977
2025-10-26 10:00:00,2025-10-26,10,2.12,85.9,2.114574459813601,0.1515745819852938
2025-10-26 11:00:00,2025-10-26,11,2.25,83.1,2.2337040193412525,0.2703078873779562
2025-10-26 12:00:00,2025-10-26,12,2.16,76.9,2.1037880893227516,0.4895668240636066
2025-10-26 13:00:00,2025-10-26,13,2.07,70.3,1.9488440277609185,0.6977871849357798
2025-10-26 14:00:00,2025-10-26,14,2.02,64.2,1.818643918232431,0.8791668207321016
2025-10-26 15:00:00,2025-10-26,15,2.03,61.2,1.7789025604890432,0.9779599584264816
2025-10-26 16:00:00,2025-10-26,16,1.79,61.6,1.5745709454312435,0.8513673342357928
2025-10-26 17:00:00,2025-10-26,17,1.63,65.8,1.4867557893608048,0.6681745451617636
2025-10-26 18:00:00,2025-10-26,18,1.65,81.3,1.6310149132343277,0.24958035340791196
2025-10-26 19:00:00,2025-10-26,19,1.76,105.5,1.6959895976471764,-0.470339541897732
2025-10-26 20:00:00,2025-10-26,20,1.97,126.8,1.577440800769005,-1.180076489075704
2025-10-26 21:00:00,2025-10-26,21,2.07,143.9,1.219636459721418,-1.672539059668923
2025-10-26 22:00:00,2025-10-26,22,2.04,158.1,0.7608950764546508,-1.8927859579537967
2025-10-26 23:00:00,2025-10-26,23,1.91,170.0,0.33166801934383683,-1.8809828082533173
2025-10-27 00:00:00,2025-10-27,0,1.63,179.6,0.011379454285677545,-1.6299602780497933
2025-10-27 01:00:00,2025-10-27,1,1.2,184.3,-0.08997447219159335,-1.1966221602301388
2025-10-27 02:00:00,2025-10-27,2,0.71,177.6,0.029731714147731864,-0.7093772093701894
2025-10-27 03:00:00,2025-10-27,3,0.51,136.6,0.35041463051025573,-0.37055308219519767
2025-10-27 04:00:00,2025-10-27,4,0.81,109.6,0.7630665367577104,-0.27171577149770654
2025-10-27 05:00:00,2025-10-27,5,1.2,106.0,1.1535140351259827,-0.33076482698039883
2025-10-27 06:00:00,2025-10-27,6,1.53,108.3,1.4526209807921129,-0.4804084576301293
2025-10-27 07:00:00,2025-10-27,7,1.56,110.6,1.4602528757527986,-0.5488729715113345
2025-10-27 08:00:00,2025-10-27,8,2.24,111.5,2.0841353522797355,-0.8209627478624257
2025-10-27 09:00:00,2025-10-27,9,2.99,112.0,2.7722797251546947,-1.1200737143135773
2025-10-27 10:00:00,2025-10-27,10,3.28,109.8,3.0860889221698593,-1.1110603784045556
2025-10-27 11:00:00,2025-10-27,11,3.35,108.8,3.171275021387583,-1.079590079022212
2025-10-27 12:00:00,2025-10-27,12,3.18,108.1,3.0226400265763527,-0.9879510462257266
2025-10-27 13:00:00,2025-10-27,13,2.84,105.8,2.7326991016231705,-0.7732759015952309
2025-10-27 14:00:00,2025-10-27,14,2.46,98.2,2.434849528033161,-0.35086717691555847
2025-10-27 15:00:00,2025-10-27,15,2.37,86.9,2.366531908673122,0.1281667867739175
2025-10-27 16:00:00,2025-10-27,16,2.19,81.6,2.1665064091889445,0.3199218325516815
2025-10-27 17:00:00,2025-10-27,17,2.03,82.1,2.0107342103737667,0.279012428455408
2025-10-27 18:00:00,2025-10-27,18,2.16,79.3,2.122443640534209,0.4010398892328468
2025-10-27 19:00:00,2025-10-27,19,2.31,80.5,2.2783197395510046,0.38125996953816527
2025-10-27 20:00:00,2025-10-27,20,2.42,85.0,2.410791169382024,0.21091689744933267
2025-10-27 21:00:00,2025-10-27,21,2.36,90.7,2.3598238723986666,-0.028832121971183473
2025-10-27 22:00:00,2025-10-27,22,2.22,95.9,2.208240254000127,-0.22819943166768789
2025-10-27 23:00:00,2025-10-27,23,2.12,99.2,2.0927288819547343,-0.33894811790668977
2025-10-28 00:00:00,2025-10-28,0,2.04,101.6,1.998333509182662,-0.4101989591377675
2025-10-28 01:00:00,2025-10-28,1,1.94,102.8,1.8917897473527927,-0.42980408538176657
2025-10-28 02:00:00,2025-10-28,2,1.81,103.7,1.7585039071957396,-0.4286770443787697
2025-10-28 03:00:00,2025-10-28,3,1.75,106.6,1.6770645053139832,-0.4999546429587035
2025-10-28 04:00:00,2025-10-28,4,1.77,108.7,1.6765621916104712,-0.5674849933366471
2025-10-28 05:00:00,2025-10-28,5,1.81,108.3,1.718460114531846,-0.5683263453010027
2025-10-28 06:00:00,2025-10-28,6,1.83,105.9,1.7599865964750567,-0.5013453702071514
2025-10-28 07:00:00,2025-10-28,7,2.51,102.2,2.4533138946581006,-0.5304252391030255
2025-10-28 08:00:00,2025-10-28,8,3.08,100.7,3.026447413354335,-0.5718531753875781
2025-10-28 09:00:00,2025-10-28,9,3.63,100.5,3.5692153144571552,-0.6615149575364955
2025-10-28 10:00:00,2025-10-28,10,3.99,100.0,3.9293829345187103,-0.6928562288910519
2025-10-28 11:00:00,2025-10-28,11,4.06,98.3,4.017474703620016,-0.5860861760639513
2025-10-28 12:00:00,2025-10-28,12,4.12,98.0,4.07990444321527,-0.5733931759554692
2025-10-28 13:00:00,2025-10-28,13,4.13,99.9,4.068501517019216,-0.7100671841539616
2025-10-28 14:00:00,2025-10-28,14,4.1,100.7,4.028712465828822,-0.7612331230808669
2025-10-28 15:00:00,2025-10-28,15,4.08,96.9,4.050449955072138,-0.4901583024453602
2025-10-28 16:00:00,2025-10-28,16,3.64,91.1,3.6393291921227853,-0.06987869033486985
2025-10-28 17:00:00,2025-10-28,17,2.87,85.8,2.8622925496341947,0.21019362575630343
2025-10-28 18:00:00,2025-10-28,18,2.79,80.7,2.7533274487749924,0.4508746608783774
2025-10-28 19:00:00,2025-10-28,19,3.27,77.1,3.1874691050052952,0.7300278793558111
2025-10-28 20:00:00,2025-10-28,20,3.46,76.1,3.35867902626054,0.8311890269713327
2025-10-28 21:00:00,2025-10-28,21,3.51,79.5,3.4512247255494803,0.6396466944774375
2025-10-28 22:00:00,2025-10-28,22,3.75,85.1,3.736294860715899,0.32031346176512826
2025-10-28 23:00:00,2025-10-28,23,3.73,88.5,3.7287218221588287,0.0976400171883668
2025-10-29 00:00:00,2025-10-29,0,3.43,89.8,3.4299791032662212,0.011972934354217628
2025-10-29 01:00:00,2025-10-29,1,3.6,93.0,3.595066325116466,-0.18840944247459784
2025-10-29 02:00:00,2025-10-29,2,3.47,94.1,3.461119516770376,-0.2480961318344199
2025-10-29 03:00:00,2025-10-29,3,3.61,94.6,3.598371751227052,-0.2895181168271801
2025-10-29 04:00:00,2025-10-29,4,3.63,96.0,3.610114480186832,-0.37943832166158237
2025-10-29 05:00:00,2025-10-29,5,3.6,96.7,3.57541433833855,-0.42001465355759937
2025-10-29 06:00:00,2025-10-29,6,3.83,96.3,3.8068704593933385,-0.42028241147870327
2025-10-29 07:00:00,2025-10-29,7,4.61,96.2,4.583035943912375,-0.4978770298047658
2025-10-29 08:00:00,2025-10-29,8,5.3,96.5,5.265930835085913,-0.5999770329699056
2025-10-29 09:00:00,2025-10-29,9,6.13,101.0,6.01737463453418,-1.1696591416582196
2025-10-29 10:00:00,2025-10-29,10,6.53,105.0,6.307495645667617,-1.6900883645194613
2025-10-29 11:00:00,2025-10-29,11,6.54,108.2,6.212817216971228,-2.0426703670700004
2025-10-29 12:00:00,2025-10-29,12,6.15,109.6,5.793653334641875,-2.063027153964068
2025-10-29 13:00:00,2025-10-29,13,5.57,105.7,5.362193027595487,-1.5072444840855606
2025-10-29 14:00:00,2025-10-29,14,5.08,96.1,5.05123675619668,-0.5398214823880646
2025-10-29 15:00:00,2025-10-29,15,4.75,82.1,4.704919950381967,0.6528615936764474
2025-10-29 16:00:00,2025-10-29,16,4.55,69.7,4.267394652484134,1.578557214658314
2025-10-29 17:00:00,2025-10-29,17,4.97,66.9,4.571512841689036,1.9499154695196999
2025-10-29 18:00:00,2025-10-29,18,5.31,68.4,4.937113140066615,1.9547413747556392
2025-10-29 19:00:00,2025-10-29,19,5.3,74.0,5.09468698847309,1.4608779858300955
2025-10-29 20:00:00,2025-10-29,20,5.19,83.5,5.156637930961489,0.5875246794554365
2025-10-29 21:00:00,2025-10-29,21,5.01,96.2,4.9806963295013,-0.5410767720871749
2025-10-29 22:00:00,2025-10-29,22,4.95,109.4,4.668952156840625,-1.6441976028243313
2025-10-29 23:00:00,2025-10-29,23,4.72,121.8,4.011493510897997,-2.487231354744318
2025-10-30 00:00:00,2025-10-30,0,4.66,132.0,3.4630548867246573,-3.1181486256322795
2025-10-30 01:00:00,2025-10-30,1,4.21,137.6,2.838813051727476,-3.1088969840349705
2025-10-30 02:00:00,2025-10-30,2,3.86,141.0,2.4291767094523724,-2.9997834112239077
2025-10-30 03:00:00,2025-10-30,3,3.76,140.5,2.391654108244392,-2.901308433537827
2025-10-30 04:00:00,2025-10-30,4,3.71,139.0,2.433978997554782,-2.799972542626484
2025-10-30 05:00:00,2025-10-30,5,3.6,136.2,2.4917154259334646,-2.598336821154104
2025-10-30 06:00:00,2025-10-30,6,3.64,133.1,2.6577906868995393,-2.4871165361981085
2025-10-30 07:00:00,2025-10-30,7,4.22,128.7,3.293416318967752,-2.6385240097366744
2025-10-30 08:00:00,2025-10-30,8,4.84,132.7,3.5569866405258064,-3.282292802161461
2025-10-30 09:00:00,2025-10-30,9,5.27,141.2,3.3022020858907073,-4.107111075188867
2025-10-30 10:00:00,2025-10-30,10,5.5,148.5,2.873742105937719,-4.689520903947507
2025-10-30 11:00:00,2025-10-30,11,5.54,153.8,2.4459424244662666,-4.970811367995781
2025-10-30 12:00:00,2025-10-30,12,5.36,156.0,2.1801084068862906,-4.89660365296434
2025-10-30 13:00:00,2025-10-30,13,5.09,156.4,2.0377765757145943,-4.6642862934717995
2025-10-30 14:00:00,2025-10-30,14,4.81,156.1,1.9487310324111404,-4.397561524676807
2025-10-30 15:00:00,2025-10-30,15,4.51,154.1,1.969976065538337,-4.057005583087863
2025-10-30 16:00:00,2025-10-30,16,3.83,149.8,1.9265663955937995,-3.3101724914826898
2025-10-30 17:00:00,2025-10-30,17,2.68,142.3,1.6388924676980279,-2.1204790683528736
2025-10-30 18:00:00,2025-10-30,18,2.36,135.3,1.660011498632789,-1.6774867583402622
2025-10-30 19:00:00,2025-10-30,19,2.76,132.7,2.0283642826138895,-1.8717206888358742
2025-10-30 20:00:00,2025-10-30,20,3.18,132.3,2.3520268820319785,-2.1401797929610797
2025-10-30 21:00:00,2025-10-30,21,3.34,134.9,2.365855057999926,-2.3576110460667943
2025-10-30 22:00:00,2025-10-30,22,3.71,140.3,2.3698286029828664,-2.8544723492239816
2025-10-30 23:00:00,2025-10-30,23,3.88,148.5,2.0272944310978818,-3.3082438376938774
2025-10-31 00:00:00,2025-10-31,0,3.97,156.5,1.5830338036332272,-3.6407284953089425
2025-10-31 01:00:00,2025-10-31,1,3.9,163.8,1.0880653135529934,-3.745145374140078
2025-10-31 02:00:00,2025-10-31,2,3.59,168.1,0.7402730255739006,-3.5128472565153843
2025-10-31 03:00:00,2025-10-31,3,3.64,170.7,0.5882379088162355,-3.5921548077207786
2025-10-31 04:00:00,2025-10-31,4,3.85,171.6,0.562419659965286,-3.8086984819075047
2025-10-31 05:00:00,2025-10-31,5,4.23,173.3,0.49351721793017916,-4.201111847547796
2025-10-31 06:00:00,2025-10-31,6,4.37,176.1,0.2972268202071359,-4.359880298511595
2025-10-31 07:00:00,2025-10-31,7,4.77,178.3,0.14150798428597855,-4.7679005327694615
2025-10-31 08:00:00,2025-10-31,8,5.2,179.6,0.03630255354940076,-5.1998732796680525
2025-10-31 09:00:00,2025-10-31,9,5.89,185.7,-0.5849933259900332,-5.860877307071623
2025-10-31 10:00:00,2025-10-31,10,6.53,189.3,-1.0552729518049482,-6.444167828136451
2025-10-31 11:00:00,2025-10-31,11,6.74,191.7,-1.3667863707028916,-6.599961743590702
2025-10-31 12:00:00,2025-10-31,12,6.79,194.9,-1.745931665520388,-6.561693578591826
2025-10-31 13:00:00,2025-10-31,13,6.52,196.9,-1.895378302260607,-6.238424568055599
2025-10-31 14:00:00,2025-10-31,14,5.98,197.0,-1.748382794241966,-5.718702440658952
2025-10-31 15:00:00,2025-10-31,15,5.31,194.2,-1.3025822190164391,-5.147754807943188
2025-10-31 16:00:00,2025-10-31,16,4.49,188.3,-0.6481593424943706,-4.442970792919673
2025-10-31 17:00:00,2025-10-31,17,3.89,182.5,-0.16967941685115637,-3.886297581953427
2025-10-31 18:00:00,2025-10-31,18,4.15,185.4,-0.3905495002718354,-4.131582153102783
2025-10-31 19:00:00,2025-10-31,19,4.33,194.0,-1.0475218079465602,-4.201380494775065
2025-10-31 20:00:00,2025-10-31,20,4.05,206.4,-1.8007724756989565,-3.6276326289696215
2025-10-31 21:00:00,2025-10-31,21,4.12,224.8,-2.9030929450500103,-2.923431434530466
2025-10-31 22:00:00,2025-10-31,22,3.74,241.0,-3.271077704701341,-1.8131879797213
2025-10-31 23:00:00,2025-10-31,23,3.47,257.4,-3.386431163927453,-0.756957047646005
